id,xcoord,ycoord
0,-1105566.41334,1457711.87044
1,309000.88118,5264099.83154
2,-1037527.24628,2016777.08501
3,5879919.62737,5480534.24443
4,-1308966.22916,8223650.28145
5,199793.39732,-8501602.79190
6,5600330.64461,-7736334.31793
7,3756652.15499,1438620.16628
8,3316554.80857,3687824.58180
9,1074946.39682,2084896.79957
10,-5089004.78054,-2284914.36434
11,-9329469.52715,4073153.59857
12,-944784.65803,1432915.06285
13,7303582.40820,3850315.29830
14,1195958.27608,8088217.98476
15,8379109.26228,-8422863.79330
16,3478618.38796,-8076864.45130
17,350238.18995,-8234173.27430
18,12465512.45500,-2325083.07018
19,-4405894.11246,-564731.03536
20,6113062.13310,-7613244.97855
21,-6564110.07821,-428431.87977
22,-4671739.27531,-7046743.22206
23,-8031223.29943,6698312.83888
24,3199834.51834,-7733901.07983
25,-6171608.86280,-2760497.12026
26,11123963.74140,4492277.14498
27,-446526.41366,1942554.62655
28,-9930974.08946,3092207.43399
29,-4079088.56302,7866922.29454
30,-7220800.78581,-7772985.97492
31,8983172.08515,5812463.06373
32,2831835.84729,-8474745.99821
33,-3740874.59362,-1409993.76198
34,-8182060.55049,1496162.91887
35,9720592.77507,1698313.03882
36,4983580.73491,-8481815.98620
37,3388229.93383,-7810617.98562
38,9224815.60944,-8171376.77849
39,6400968.19965,-8027907.28429
40,7964464.53802,5688725.02380
41,11202471.02492,6718300.07584
42,-7175400.64223,6107316.07004
43,6660131.17450,7253788.91161
44,4336508.16850,2815455.10605
45,-6447227.91400,-2984964.79261
46,-10202627.08813,5579058.90341
47,-1349614.18203,1737191.21790
48,-8132513.88015,-8365673.10569
49,2608747.16237,7138287.14368
50,-1499229.73624,7756138.25331
51,5697118.17171,7683800.98578
52,1439403.06369,-8342871.18410
53,8168910.33991,-8464951.90133
54,420020.50100,-8460424.15767
55,10765178.17727,-848874.52905
56,-7924939.73945,1415931.80899
57,10013930.00061,-273388.41328
58,-3117796.68354,6631493.05506
59,-9972410.81146,5544915.63528
60,-2415502.83064,6988883.87969
61,-917429.00584,-7902394.55710
62,2657098.50416,1702952.29194
63,8732740.01545,4522865.30735
64,-6024445.90942,7953822.21394
65,1236783.50406,5448276.37250
66,301332.97958,1451160.83676
67,662775.53220,988627.54672
68,2506984.01130,-1547965.85938
69,7454927.62692,-7543324.96115
70,6243571.69959,-7852187.27531
71,10841086.45038,17153.34073
72,8591904.27623,-8573266.78240
73,1273408.75785,-8240743.89128
74,9135669.62678,-7196669.18053
75,-6137543.96312,-1150607.12048
76,9105193.31539,2648954.35440
77,11165837.67785,5139540.55196
78,2931998.33586,-7538824.43673
79,1544110.04791,-7806696.22240
80,2752522.23015,-8243008.25224
81,7033565.60358,7323132.44669
82,2149644.42345,-2337515.10253
83,5795356.04157,7353349.79536
84,2016947.10241,5300580.77281
85,7605317.94426,3687322.30084
86,-10316837.78073,5038178.79290
87,3764269.14340,5436936.09505
88,-28221.64272,2958779.93211
89,1714581.18682,-8136735.34788
90,-5764346.81567,-7897301.38633
91,925462.93431,-8465531.15458
92,10540954.17116,6144131.37034
93,4346338.19953,4370656.41149
94,-7281626.10318,7098404.62033
95,2805132.80570,-1521016.18733
96,-90725.17000,3304249.48670
97,8127530.33610,4154191.89863
98,847886.42864,2031565.58723
99,1618448.10516,1270417.94354
100,-4995983.51846,-8067002.34834
101,-7672284.94905,-8064946.32022
102,1574636.18390,-1065164.24111
103,-10822177.75185,6736563.54563
104,9238849.60157,3714541.23241
105,5942560.42754,3410463.49913
106,9985449.75989,-7647366.70755
107,12483901.18706,-4024043.16374
108,3316620.60014,4848482.84517
109,-3304471.63436,7691570.64289
110,-8894083.91667,5961245.73584
111,-895137.52631,3117642.23811
112,1914968.01713,-3457695.53292
113,7274638.93622,2484347.52999
114,-4882063.20682,5709011.24579
115,3745815.36494,5475888.48685
116,9411460.03828,5332090.03295
117,11201296.76893,6491396.10402
118,-6380092.90734,-2894931.91878
119,-5583419.43499,-2923032.52500
120,-1060180.52619,6919370.93015
121,11184426.48492,6495457.16999
122,-5264595.99694,8132179.43984
123,-475674.20984,-8549212.96314
124,2632055.07328,-7734662.42291
125,-7241157.10843,-8330528.01860
126,-10458977.36354,4275266.13240
127,-8503762.19575,3724699.86964
128,-2859132.59936,8246010.01409
129,-7139665.64239,6679399.54411
130,8755131.47187,-7870869.09002
131,4822170.37658,6020290.59028
132,-2564375.77542,7705729.28867
133,-719659.93881,8199982.18907
134,-5102759.06951,7323153.97958
135,8320318.76136,-8489990.64440
136,4603024.24617,1750651.42017
137,12810923.43648,6527858.85661
138,2492593.11844,6243460.52412
139,-4102606.50562,8143553.01722
140,5348034.36950,6581853.51021
141,-747525.53014,-7426271.95579
142,-10121569.18042,3010877.69434
143,6431278.07940,7107300.71691
144,8503322.54443,5345215.40426
145,2308703.84176,-7164038.45437
146,-6251102.78425,-2345752.97912
147,1038922.80756,3196064.17611
148,-9671010.93580,4861125.66204
149,12739009.54218,5404893.60806
150,-9515284.99183,5093556.64765
151,-7357954.96049,3581188.92805
152,2622409.89572,-1332852.17462
153,1793402.41460,2434534.61526
154,12164523.18698,-2711173.75737
155,-2458846.26793,7883444.87434
156,9318801.89669,-8283800.37244
157,3318071.86142,6203933.33625
158,2988839.18122,-626862.53149
159,4180386.45312,-7375045.47593
160,-4917420.26015,-2556644.46782
161,6543175.01683,-7645786.55857
162,-4078807.18196,7954104.05865
163,4181794.64590,6501837.63649
164,-8025463.10774,-8252221.34842
165,6876159.37599,7505673.11737
166,5467020.32606,7090343.09901
167,-979616.68680,-8529980.65418
168,4815768.37474,4052125.60402
169,-6790570.46241,5414235.34057
170,-8110184.88237,-8525113.14044
171,-4181719.78936,-797753.55500
172,-9375840.84405,4787669.30564
173,-460239.90715,3505896.76622
174,8788026.04798,-8055781.13868
175,6483290.46053,-8377700.53990
176,6554332.86004,7782606.96151
177,-1294409.12991,8122119.89486
178,5340335.31506,6948727.67667
179,12204376.29691,-2403303.67810
180,7167752.56834,6281178.28900
181,9002215.19361,-7645456.45265
182,3648583.48910,-7037184.46035
183,9078647.03850,5189272.34644
184,-5231164.78775,-8561466.53321
185,954194.04264,5603532.75048
186,1161640.45400,6191275.97906
187,3094228.75434,-827631.69937
188,4549985.86935,5161226.06147
189,2325280.28320,366665.66835
190,10221154.13245,6006309.03188
191,496476.41090,-7419721.28977
192,3708492.66704,5913833.76161
193,-7909789.84636,6961472.13158
194,-9446983.50799,6764638.38712
195,2412885.96066,1841700.87644
196,3741865.25645,4863347.49792
197,4344282.43161,5425197.37552
198,3430799.23846,1446541.19598
199,-6882881.12544,817584.65271
200,4567640.98387,2616417.85078
201,-215083.08367,-8011362.91387
202,11179017.58760,3988264.28617
203,-5400879.92679,-8576772.60789
204,6326794.56449,-8112448.11585
205,2302965.80589,-8505616.46617
206,-9598523.02105,6730452.40372
207,9557208.20885,4607999.56265
208,3741712.91722,7340716.18548
209,-9902595.93033,5264562.86868
210,1091078.98328,6730069.66822
211,-3087938.93879,-8542106.61393
212,-4045853.97796,-703380.70194
213,1098192.27706,-1696884.51842
214,9831031.34012,185726.18443
215,8415063.87787,6939857.21208
216,-9948618.79918,5107156.10414
217,5345485.38680,4524369.95818
218,3593072.06639,-7289454.53436
219,-7901250.12970,5269352.64108
220,-689109.85990,-7572801.55816
221,-8675307.49820,5139556.64987
222,226459.31335,962314.91272
223,6287067.12987,4604599.38362
224,7401298.99290,5727469.68254
225,4260067.73973,-8284939.68727
226,8751037.57279,4433574.59336
227,3238465.54680,-8445789.82574
228,4286828.34892,-2101008.00213
229,10097310.26322,7071200.10640
230,5529857.67164,-7455634.93750
231,-1707063.99136,8189375.26348
232,-6422434.29486,-4138559.58089
233,1653846.98145,2706658.95105
234,6858950.80056,-8249143.58017
235,10082530.75992,-7620036.00547
236,-412839.98411,3399485.20089
237,104325.84863,779469.24113
238,-1353255.61896,2513079.63537
239,4882967.27238,3865011.09597
240,-7995297.11993,3462072.80765
241,-10762941.61856,6612490.75419
242,3358129.22203,-1319201.97689
243,7729088.13425,-7318499.29250
244,931138.36324,-7420509.25204
245,-8502619.47202,6129563.41360
246,-2432256.15565,-8595878.51238
247,-2220092.84223,7825008.54988
248,-7101175.09869,4981961.37732
249,4593681.31148,5229297.62223
250,12724633.21092,-2501788.00596
251,5043828.03039,-8493208.36663
252,-7865688.41312,5628782.07120
253,-10039525.47674,7027867.27129
254,12287359.42104,-2786325.34280
255,-3428525.72197,8067037.41349
256,-12554754.41888,6781318.22644
257,-10103914.71091,6569335.21984
258,-8512048.24307,-7728361.09304
259,-5924024.44457,-203544.51190
260,2032796.60675,-199788.86555
261,8327557.06274,4520069.10499
262,8907455.81773,2758247.22027
263,3525670.65493,4155949.70757
264,2577677.17247,-1970940.49882
265,-694746.49833,-7877344.36906
266,7299183.00397,4738952.54035
267,355518.72509,1249987.10244
268,-6171900.26036,909133.79849
269,-10331038.76119,3867918.49016
270,1701679.51575,-3182140.89565
271,-819559.88898,2525517.32521
272,11117600.53113,4848012.31008
273,-551113.83760,1429474.46157
274,-1158038.51547,-8235548.72939
275,9806597.57368,6039190.11555
276,6362774.94154,-7243613.36984
277,-7261509.46864,7205584.52632
278,-471125.59864,-8544031.98904
279,5296865.69268,6158754.07944
280,-2800390.48925,8111129.27516
281,7975879.42296,-7737349.99227
282,-1673815.34031,-8364236.38994
283,-3358603.06828,7738651.49358
284,8617001.99371,-8607670.42947
285,12186074.97895,-3254360.08049
286,-6199795.51168,-8557928.91407
287,-8457466.41952,4002914.57766
288,9359652.39290,6660174.39488
289,-6849297.90467,-7967428.41283
290,-5500420.33189,-4565624.83582
291,-6517914.94982,-8131337.81588
292,2086632.19718,1478216.73457
293,-4487950.24688,-8421414.12545
294,6372791.54571,-8610213.13261
295,2624706.06967,-2277907.56294
296,-2853010.59130,7950386.69222
297,-2907206.06351,6864167.79095
298,3150284.52875,6120922.98158
299,10571833.55406,5350519.11067
300,9747245.19850,4627664.74064
301,-5107588.66821,-8078543.23438
302,5697761.66359,4146082.98047
303,4637480.55348,6278063.06458
304,10327679.25968,6879337.54901
305,305636.41731,4718033.04973
306,7072943.75052,2832830.89597
307,-5490238.19532,-8534408.23487
308,8255873.21965,4882813.04119
309,-4254746.73206,7879799.40584
310,1863918.69256,-1408547.56169
311,-6145656.51947,-3305460.95830
312,-6022447.61463,957654.15264
313,10657292.20071,-3273802.67734
314,4875944.10684,2360902.09038
315,10099435.28348,6107405.06237
316,11016397.84941,142550.06347
317,7193446.16271,-7255239.82368
318,12441367.80503,-1912475.18322
319,1813617.31130,2225580.49360
320,4908131.57194,6282180.23352
321,4673322.92002,2001440.76457
322,7712497.09883,1892893.49807
323,1842958.03398,1870218.54551
324,-7714332.14339,-8482299.51035
325,-6138913.16344,4771551.75795
326,11347944.93955,-2120612.88253
327,5793245.33027,2782895.56551
328,2708267.30731,4002705.72736
329,2345215.65127,4578439.09235
330,8395884.42411,-8385673.92456
331,5814699.26868,5813940.08748
332,-8935545.94895,2799348.35161
333,1321021.51933,-8300173.09451
334,10225041.38670,4974642.36509
335,1632998.12706,1993830.88350
336,2236339.88481,-2083188.71467
337,8487470.23485,7262419.75708
338,13304036.86049,-1660003.31477
339,1274260.57578,-8369241.14736
340,1360269.57753,-7350812.09973
341,-11946477.95618,6268610.83467
342,1104959.56275,-8602508.07593
343,11601809.64869,-1919282.95675
344,5892878.33898,-7826953.41540
345,-1889529.54110,-8572841.90789
346,6113556.28887,3191142.80200
347,6413031.69415,-7396691.03056
348,2509046.49440,-1597618.31540
349,11937263.17446,-1834923.98452
350,-7761733.58610,7609026.16222
351,-332710.65361,-8415968.67100
352,-8693002.74381,6912497.01467
353,10693101.36165,3539519.03745
354,5147990.80524,4272146.42240
355,6315714.23048,5358782.64024
356,4001977.59306,7770314.67691
357,-10146937.69475,3610539.05110
358,7329525.44338,-8516404.64107
359,12792877.09987,-3352316.01478
360,-1483232.11618,7648114.71567
361,737931.11635,-7426487.90355
362,6559464.94967,7817970.57235
363,9790643.82074,2747316.66039
364,7041535.18612,4940643.70473
365,3842858.73316,389772.88583
366,5365442.16686,-8247097.44613
367,6835172.58925,7609751.06834
368,2232755.15678,962485.43286
369,-5805039.71971,-7810250.13166
370,-3931557.86581,-1112753.15692
371,13363393.88320,-3746733.70860
372,-5796398.73921,6993481.96001
373,-9713167.50370,2352154.70965
374,6408136.64813,-8242855.13978
375,8570557.46825,-8046477.10509
376,-7207910.93662,-336881.15559
377,9990247.39439,7207335.93379
378,-10678897.71036,7302205.46819
379,-8510427.55303,3754522.80674
380,7850844.36683,5009845.44644
381,6317968.91542,3296405.03499
382,1077408.91496,577820.51522
383,1300834.04526,7086104.98539
384,2281062.35450,2895056.27411
385,13544716.26364,-454511.63074
386,481146.51577,1885674.95685
387,-975826.90496,-8241540.20897
388,6928628.08717,-8278146.39680
389,-1630104.26764,-8540411.75860
390,-5066954.86652,-8581181.14026
391,3044539.98133,-26614.41435
392,-5096580.82216,-2636552.92876
393,3602078.29737,-8559561.92966
394,10357831.55407,3740140.68410
395,-7643829.97542,6833729.91848
396,-3463553.47661,7072113.21890
397,3682141.11342,-1477220.38477
398,3493281.66748,3648129.92773
399,5952641.55082,2858016.43378
400,9098359.26389,5778521.06991
401,962065.59851,4917011.90400
402,-8466120.25712,1493416.59806
403,11157257.01248,5519747.85743
404,6788386.18162,-7347048.48849
405,-184157.45295,4054761.09899
406,2673136.27489,-189936.67029
407,1616546.43950,-3149927.92824
408,2855906.27598,-1745879.50247
409,5249281.46869,6397759.03448
410,8384310.37304,4960044.54024
411,-3048504.58089,7471865.71388
412,3061330.37720,6613596.26263
413,-2407511.42797,-8609567.71558
414,4803936.22742,3114131.25431
415,3375482.14161,5773798.00680
416,10740990.81731,-850329.35251
417,-6726067.74363,-1399990.31336
418,-2614741.85071,7160796.04642
419,1774099.24821,-1448966.31078
420,9548460.48323,-7244875.12816
421,-3809706.94240,-462426.47671
422,7014949.79180,3569720.23682
423,-9105342.16233,4225204.04542
424,9139727.96732,-8439201.37087
425,-11442793.31204,6800426.29328
426,5860516.14306,-7969707.08185
427,-10080059.40138,3228320.25080
428,-7872354.38273,1130433.48154
429,4237601.43669,615832.65757
430,-4305738.74278,-7605456.20750
431,1370500.48553,-8356315.67126
432,9921250.81494,5924241.06918
433,-9712915.77689,5400353.91371
434,-9652799.38476,3341358.92999
435,-3142631.88785,7335194.90482
436,-8383895.72562,5031494.93041
437,4807875.98537,-8446006.31161
438,3973905.29213,2906625.12128
439,-353775.95980,5369526.02805
440,3131746.12631,6045768.75895
441,-10453782.56448,6213077.01663
442,5655457.01889,4117808.45208
443,8198917.83901,-7216627.80783
444,9373249.05680,4843473.88254
445,-7554739.64881,6891895.92380
446,5675967.63704,-7153161.94768
447,773558.22258,-8263053.68380
448,-8657869.97742,6041693.88084
449,9511821.21360,2400402.29124
450,530940.85081,-7416622.92228
451,-8426511.81745,1610714.68814
452,3188419.78363,5071753.21610
453,9162070.57162,6082419.83886
454,1264083.38413,-7633904.90877
455,493430.23400,-7363498.47203
456,-1318730.29000,-8229174.00925
457,-5516293.64597,5949369.97506
458,4080348.85673,6755662.63056
459,6946394.62514,1887722.06365
460,7736695.70488,1939432.81645
461,-5070213.32491,-8283920.01457
462,-7928251.84964,4510281.66914
463,1504779.22725,1909697.67363
464,3181149.72216,4407024.62987
465,9966113.56555,-7285446.51463
466,-8938474.04170,5071535.58010
467,-11069329.37807,6550898.72119
468,-6684874.50283,5781555.19216
469,-7917198.68587,-8249382.63505
470,10329701.18501,5950696.33185
471,-5000037.71401,7424341.72393
472,-9083158.09298,6678813.40601
473,3061742.25958,-7434791.48061
474,-8502724.80399,-8568627.38475
475,-5455108.31620,-7674599.58961
476,-5751612.66013,-7683393.89007
477,2871709.56972,6623684.87085
478,3147408.42545,-8117695.52845
479,12446447.38569,-3075682.40153
480,-4471437.23736,-7734326.61963
481,-5337645.50917,-1313749.57818
482,2869428.14326,3960396.72473
483,4837234.47999,7294427.14480
484,8466850.33035,3140508.90854
485,6363075.04852,-8356711.45214
486,12039416.54976,-2732642.68614
487,7023576.22483,2358936.59241
488,-10611055.01997,3939632.22517
489,-7050256.92636,7243865.54343
490,-7007823.70110,-1463097.38891
491,9349274.77697,6495559.43566
492,11144579.35176,-3450543.59490
493,3320692.30546,2934923.59192
494,-7483854.93242,4503226.08427
495,-5958429.65164,210932.46986
496,-5157959.18033,7748814.74792
497,-3623978.45520,7957738.39965
498,1116256.64652,1067027.73264
499,3149764.45838,-1125000.15464
500,7004702.47685,4977250.71124
501,2275705.48804,5805793.45022
502,3335138.98920,-7631940.79175
503,2126826.93684,-8505083.58314
504,1866054.08850,3230359.75117
505,7286651.72421,3978869.01559
506,-8073595.18721,-8566868.12529
507,8240600.25091,-8283249.99626
508,2895949.43953,-8154690.46748
509,-264349.66474,-8065317.36652
510,-10569922.71612,6485668.88660
511,3804161.74994,-8076792.95899
512,-875970.12529,-8044912.25385
513,10477929.74665,7079608.18953
514,8342239.64450,4399620.21555
515,7578567.16868,675059.31559
516,7744557.13082,3656245.47821
517,8112048.51413,-8607758.96685
518,1541434.33981,-717774.47853
519,-94440.87827,-8401575.15316
520,-5450525.64691,-8424038.87532
521,-5199970.62746,-8592947.78046
522,5666360.33010,7638593.35935
523,-6819696.25745,4444098.67836
524,-9685183.03327,5564309.82177
525,-6209319.63713,-1864044.17464
526,9667037.83400,2829472.63576
527,-7017803.89013,1007520.58150
528,-1408777.99823,-8377008.26696
529,8230720.93009,-7427825.27135
530,5971695.15761,-8465005.78607
531,6172683.19755,7256597.39020
532,9440842.34849,1597920.00631
533,1152492.73102,4073460.90564
534,4398844.08376,4566212.62595
535,3100784.74716,5725093.87007
536,-9447893.50235,4840087.22981
537,13229742.56945,-434064.30686
538,-3317147.53977,-8613884.96743
539,5688263.32441,4132001.56168
540,6145450.30690,5859522.53370
541,8313454.19819,6840229.50598
542,-1542879.15760,-7946901.59922
543,7306912.19202,-8367105.52896
544,-7038194.59770,-808794.17911
545,-4685518.40533,-3203387.79199
546,6256013.45810,7222943.45116
547,-6064956.32003,-4360687.55656
548,9954755.37041,6899634.26779
549,975718.72809,904101.95940
550,10563191.88584,4995044.31703
551,11861545.72427,-2388152.51193
552,2707908.16985,5928585.84040
553,-1679709.73662,-8204635.39357
554,-913818.01802,-8118337.50365
555,1208265.24346,5131234.34181
556,6618013.71828,4450701.08666
557,-10352596.35030,4169591.94988
558,-9402138.98480,6760970.79593
559,2099425.61444,-7371615.60051
560,13778129.10290,-2301315.11610
561,1060272.57843,5112534.17489
562,8054640.97252,-7624715.61082
563,-9708292.50715,3292856.96585
564,9657439.49355,6861889.78989
565,-5991902.64563,-1995292.18013
566,758695.08703,3654634.79806
567,11785687.56812,-3246085.80650
568,-1172427.31266,-7972661.65083
569,10930678.39059,-2697692.32768
570,5047520.18588,-8053036.52963
571,4023932.87445,-8581491.68981
572,3750570.72328,7690685.81526
573,6831353.18765,5149123.32618
574,9659547.34995,-7813456.01482
575,-9116745.59719,3561569.76351
576,6629411.25791,3480380.70844
577,-657519.08093,-7648812.08309
578,-7612186.26555,-543239.47929
579,1781080.83374,-2207278.29143
580,7730907.89028,2225046.33911
581,8074812.83335,3294628.67205
582,-4742904.18324,-2419917.35337
583,7429354.84577,3961001.27696
584,3875977.63871,-7338195.26053
585,-6266169.59092,-8421603.31204
586,-9877719.66638,6854358.74216
587,90227.05388,4893160.78202
588,2353084.84344,6939451.47390
589,6582264.99493,5577269.71108
590,12628399.25402,-4411996.69982
591,6818880.44225,6154079.61175
592,2169534.56836,4874884.94407
593,-4480595.38561,-7290869.92879
594,4663692.08621,4043431.70704
595,-3410361.88392,-920377.60437
596,-1705996.58108,7272741.63287
597,12231361.87243,6840178.33339
598,1109303.90826,-8552218.01798
599,5244909.41452,4466743.48966
600,-5167344.69552,-1781386.09695
601,2227465.24209,5674661.37014
602,-142412.73157,3311383.63781
603,8032655.19285,7560368.03353
604,-10487047.64833,6613842.90202
605,-6932580.83531,5476882.69759
606,12704586.86569,-3953311.78137
607,6128511.77999,-7371103.60211
608,-457618.56818,-8605283.88443
609,4491319.95991,5849264.45222
610,-8657432.95451,7045095.12280
611,-11091351.95660,6570627.76645
612,6259003.12159,4967782.43170
613,4638467.60279,-7613619.95506
614,1990286.92274,-2610737.97508
615,-8899493.79886,4539203.29770
616,-2096266.20864,7925762.02909
617,5022799.82506,-8590109.63039
618,-4390733.23745,-8604013.76469
619,846910.69128,-8115580.03629
620,1992987.77878,6873261.66285
621,7817261.77639,3213000.53514
622,-5647743.50128,-3304681.21871
623,12379927.34457,7112909.86049
624,-7818319.98751,-8349471.82189
625,-9767518.64224,6689471.11859
626,-5139198.72008,8116344.07844
627,9987801.78687,4336128.86061
628,-761796.92094,-8121846.67776
629,-7912499.50648,-8437601.04049
630,-7995331.78727,6243214.64477
631,5623794.97462,4143223.19980
632,13747945.57222,-3326000.38125
633,-4211974.49949,-2108401.58251
634,-4309718.23695,-2086215.86346
635,11979397.35510,6884276.86919
636,830280.97013,-7813990.24818
637,10782812.66558,4256870.74749
638,4090323.19710,5175040.22094
639,-9579220.80319,6464178.48700
640,2022286.11047,647307.42028
641,6444642.96065,-8466208.45520
642,2389487.80213,3171592.18077
643,3183148.16769,-8336264.12331
644,-9209574.34627,4880090.33577
645,2426123.30609,-293221.88984
646,8242643.35627,2652075.81028
647,10936786.17241,-5041.75114
648,-8064601.70735,3332239.99614
649,-333667.55601,5169141.82890
650,2152984.71436,5000664.33826
651,5051191.84473,2887938.14872
652,1761170.04515,452961.06827
653,2898638.72965,-7779174.04215
654,4421836.40859,7171281.95105
655,-8310476.43757,5716010.25930
656,3157315.40006,6278619.73827
657,-7162804.36662,7179538.47728
658,-133413.19160,5145593.06374
659,898257.44383,3490935.60155
660,-4774615.73575,5545616.24335
661,7871252.08019,4185765.59321
662,9259010.12707,-7670781.36619
663,-4647205.26441,-8536441.82849
664,658196.89757,-8328025.36456
665,131129.10411,1556911.84304
666,6015692.32397,-8395482.03669
667,-8354542.76083,6781554.92697
668,4146057.61732,6768408.76040
669,1816584.93163,7009418.62606
670,9122599.88331,-7604021.76530
671,-7788843.49346,7592350.59415
672,3621109.95526,-7350270.91388
673,12148040.23887,-2647346.48627
674,13023293.85942,-342347.58083
675,4861552.26106,4908262.93234
676,-206281.72437,6029112.46871
677,2848121.38849,7029851.36351
678,8186022.78397,7466910.36915
679,2221575.53384,-7466599.91295
680,-5245534.87703,-7939225.60676
681,-8254440.87354,-7917126.31111
682,-6664774.23629,-8153842.13659
683,-4304444.53066,-8517313.40845
684,-7338940.02485,-721146.30375
685,2892570.66433,7015402.50471
686,853059.05126,620225.17727
687,2281514.98874,-2307332.02755
688,-1905740.54438,7682354.42876
689,-9387977.42990,6710793.59504
690,6774913.82489,-7129396.89966
691,9624587.61075,4380725.26281
692,5913872.47288,8013732.52967
693,727334.12452,3457925.64793
694,15439803.74839,-4066066.40350
695,2933122.10145,3159011.22099
696,4441251.10329,-8578566.80314
697,877947.03022,7902631.24045
698,10172477.85551,6891741.79061
699,4166505.63909,-8268545.80108
700,-5799510.44307,-8423490.60937
701,-1469528.54026,7831697.18762
702,5092852.03357,2046362.01817
703,1877413.25880,-3061099.83624
704,2035475.21910,-7920305.30329
705,-7140795.06753,-580267.36312
706,4244066.63487,6197539.46715
707,6039965.43312,3710207.72945
708,370039.88453,5234232.37793
709,2584378.06542,4195984.13356
710,2960221.81179,-8059768.79644
711,5367726.16373,3872859.79293
712,3990710.24110,422933.89682
713,6608471.33345,7516340.83512
714,1956154.35371,-2284750.93199
715,276551.98021,5034995.02457
716,1086245.85137,-396330.13369
717,8414327.55221,5423898.68397
718,6296030.65655,6886073.32295
719,4140931.61672,6765736.35766
720,-7812027.63953,7612619.57015
721,-1140710.01847,2690279.39088
722,2656464.38737,6353433.79801
723,-5703541.73908,-3684446.25196
724,-7181511.16345,488543.69623
725,-6104320.78934,-8263889.54620
726,1566378.28478,-358629.86649
727,-6793315.83439,208000.00624
728,3004217.23802,-956653.81998
729,6321584.67960,-8065927.88042
730,13880916.23625,-2974813.93357
731,-7973890.07543,6849210.44111
732,-6195863.59872,-8220664.39904
733,1186033.87527,6663020.13752
734,-5920047.82302,-7955008.61410
735,8790350.53212,4484437.98697
736,1185650.71192,-7445520.91195
737,4703218.10572,6943668.66628
738,8204731.88755,2686454.88681
739,-9325754.99064,3381680.59187
740,6692051.87144,-7392981.71412
741,4475480.91491,-1857329.42427
742,-9532712.53269,5739497.59532
743,4283478.34495,6865731.85119
744,7094766.70811,6201041.88040
745,-7211405.10004,5899275.95513
746,1007621.49451,5569716.28279
747,4657663.33275,3722819.26337
748,-1555654.81817,7980980.42299
749,-8486647.20822,6595766.12745
750,3310042.18919,-1510312.14332
751,9498372.73364,-161772.75653
752,-5479940.43155,-1005447.64604
753,7240355.03970,6411190.12330
754,3720753.24609,3727201.29065
755,5001225.00176,4004204.47756
756,7836960.25587,-8420562.54383
757,6006266.00954,-8404910.52754
758,-5408130.10032,6523983.10126
759,-7151552.59437,-8143574.24275
760,-298811.52648,4442619.17409
761,-5681558.50309,5835761.11278
762,10320837.81302,5786833.48751
763,10735325.41366,-43298.59406
764,7105600.87742,6914647.65836
765,-8514975.20515,1530660.22671
766,2252373.86602,-2482965.88443
767,538927.78086,-8376911.97700
768,1676051.04903,-2801746.14030
769,2978611.58196,189287.00235
770,776612.31573,8079601.92093
771,10209218.92762,6562671.25617
772,2132202.99509,-8271091.44705
773,6642666.83679,7585476.14882
774,3351562.40351,6117830.32046
775,2384746.91572,-620276.98279
776,-5929730.29995,5143542.39369
777,-2604515.08218,-8288908.76777
778,-5022889.68228,-8224098.31688
779,11547430.78265,1455408.20204
780,-12158937.91145,6997830.11771
781,-6458746.60193,-1757346.76627
782,-6764372.10305,627584.98088
783,-6534719.32422,-1135528.88664
784,7244558.34254,4834238.27400
785,7570241.45418,3459760.58998
786,726337.85301,-8072597.01790
787,-1133160.36741,-8077288.54174
788,2141166.39259,4526729.44544
789,-11463979.68217,6419839.79554
790,-3449064.35531,-8484906.75068
791,11505437.56630,5045040.65571
792,3505923.90743,7586557.89825
793,-5522391.22655,-204676.35152
794,4755984.65084,-7731229.85113
795,9972847.17822,-527560.65037
796,3007487.50199,-149706.13740
797,10649556.78279,6373542.42179
798,10811119.28497,6279161.71731
799,8186471.22628,-7042840.16396
800,5141265.64829,-2248271.16877
801,-9579802.42423,6964509.90015
802,9001527.82837,1918071.11353
803,-8177223.66478,4172289.13737
804,-5456996.72934,6549759.47223
805,12181673.27625,-2480641.56782
806,2841549.73323,1784038.61736
807,12443767.43711,6684378.20618
808,8178619.70465,6659159.86219
809,1054015.52060,784155.45762
810,1415054.58738,5470413.28234
811,-1094650.31226,2817286.24669
812,6601170.60268,6869873.79451
813,-7805588.39639,4542832.02482
814,7049474.74161,-8601458.03251
815,10245915.91531,6369200.39945
816,3097163.62705,1821009.29244
817,1622226.04807,2308172.06222
818,6291731.46986,5133282.67197
819,6188796.30384,3126061.16527
820,5335409.91150,2074825.30863
821,-10245387.64443,2743273.68082
822,3325196.09969,1862336.79061
823,-9968961.41498,3905027.30292
824,-5094306.70401,7860823.85509
825,-7212207.84958,-8320205.95531
826,10669709.62540,-2460945.73423
827,-2971307.45086,-8552677.39767
828,-4689605.42761,-7340825.29932
829,-8381475.51439,-8470329.25109
830,2811647.92348,-644486.62619
831,-9698920.28271,-8392394.99534
832,5565311.45927,-7933312.73950
833,9868834.39231,5618842.68496
834,-7167566.10483,4022251.34560
835,12308180.96061,6853480.69511
836,6812967.27519,2149905.73847
837,-2367665.38268,7704033.92848
838,1463503.31656,-1922179.55647
839,-7615665.25011,-8583350.75768
840,-4844146.67147,8068070.11075
841,-3836713.41530,7840073.72604
842,9630469.71966,-8379387.00014
843,5626961.45684,-7863165.51325
844,-6208666.62841,-819201.26120
845,4177644.72936,-7509777.87225
846,-4759481.96942,-7213537.21781
847,7258298.33960,6018498.46970
848,-7967114.58474,6713287.85754
849,-7077540.17019,-831229.21201
850,3580574.84512,2864667.06735
851,4241589.53277,5983853.37033
852,880528.48990,-7738722.83055
853,4592793.27585,5620960.37465
854,8334843.66277,4642452.20758
855,8821529.94214,7252910.48593
856,-6430414.04233,-7751287.30230
857,-6087203.87428,5225605.77117
858,5045936.20912,3923878.61958
859,11021791.60419,-2263053.61573
860,2061775.90170,-1196345.27797
861,-5387247.76060,-489154.18694
862,5198934.82020,-8045975.58705
863,2948802.35385,4465829.94514
864,8462962.70180,6137653.55734
865,9677979.92907,4391027.09539
866,6006069.80585,-8540299.72664
867,3513478.33563,-1437715.90678
868,2640986.79700,-8554426.71505
869,2028155.25163,-720141.34300
870,2384969.11555,-3592313.66315
871,14471316.99777,-4764660.02300
872,3677898.18832,5451770.68452
873,8375468.54259,-8300079.97397
874,7968797.82885,6456701.93765
875,5072109.41652,-7807644.95051
876,-1150687.15762,8003792.43158
877,-9592645.96123,4991650.15425
878,3862605.94163,-6997905.28136
879,3488732.46810,-8203891.89121
880,1853264.17780,7217995.91312
881,-8240415.62608,-8162382.56172
882,13545095.66988,-724945.80217
883,-6711367.33841,1946613.76114
884,6157761.39697,-7653965.88869
885,-4398225.87255,-1045216.48313
886,8501934.63495,-8268846.22977
887,3891081.11178,6772969.11135
888,-1318323.56807,7772852.79894
889,7561009.45638,5071055.03000
890,1249351.69634,-1011061.07315
891,-5910076.67780,5106389.16359
892,-5309761.13649,-8505250.06803
893,7552418.98028,3166507.37531
894,11084014.30137,6334559.92695
895,393156.95979,5457681.05283
896,2858043.00007,-7573109.88070
897,-3220994.52948,8161313.11933
898,3885426.95065,6917176.51110
899,1297776.27003,-7887474.17983
900,8937876.37092,-7801115.06086
901,2454377.55565,-8045342.45559
902,6110444.84946,-7724974.26408
903,-5241446.86707,-8035531.53483
904,8902818.04048,3751927.65985
905,1273309.69248,-8186852.78950
906,-7257176.70990,843554.30354
907,8949756.55818,5441250.25298
908,6445726.18284,-8003381.81437
909,-3517392.23129,6907685.28257
910,-4471508.42194,-8393372.88640
911,2839745.74860,5422430.46116
912,9604614.55864,6554043.43723
913,4360581.15061,6524801.23821
914,445003.47697,-8382943.20277
915,4074948.64167,6748904.17514
916,-5565036.23316,-658587.72830
917,1948771.61614,727924.22138
918,-3053419.05035,-8549417.24261
919,3655280.00896,2454798.12068
920,-5670114.52398,-1859038.44442
921,-4809391.87337,8194949.33500
922,1457741.80149,-2905137.78254
923,2178017.93967,-449248.94284
924,-3276751.54981,7326158.85717
925,178516.55325,1505009.59745
926,5259023.20737,2781258.38325
927,10557070.21207,6185359.12936
928,7244407.41332,1087213.53599
929,-8212209.66927,6532035.59914
930,4915519.63211,5871155.30026
931,8149224.68455,4092049.64431
932,3826387.32171,2545348.08083
933,643221.88387,-8238390.66701
934,-633159.46889,1383101.07591
935,-7835231.63314,3633670.45709
936,-5973948.50688,4813406.26133
937,-9082845.10565,4111259.73475
938,8230437.13893,-7612863.14774
939,3576839.96118,4290308.57551
940,2041103.92459,439248.74012
941,9348907.59330,2691301.34355
942,4097562.16517,-1879341.18854
943,-4818094.13159,-2636650.50590
944,7632750.02069,-8138087.85552
945,-2946216.87235,6947242.30972
946,1275376.23167,-7296416.42615
947,4189679.27807,-2645570.16183
948,1914361.99022,3477225.16923
949,943007.87340,6313995.15785
950,9260973.37766,4657244.23398
951,-10522434.56384,6917014.12710
952,9475426.15361,2381047.21962
953,-6802057.75606,-8083260.66562
954,-6811989.64231,5894398.51289
955,-4897283.89309,7827890.58907
956,-11861349.04272,6465769.05312
957,-9590544.01826,2676184.94421
958,-9461529.83396,-8067235.03586
959,-7228488.47205,-8320569.58071
960,-8149557.03840,6071696.36486
961,-4963604.75150,-1936937.84050
962,7818298.87927,4082695.84755
963,8456884.81511,-7265458.00250
964,-5476602.67304,-8411687.51850
965,-4991960.89308,8094228.50774
966,-6946549.60745,-1293326.76772
967,4577699.18719,-8502139.78069
968,-5332048.03975,-1179191.37481
969,-3359787.42918,-8434495.63083
970,7766185.04163,5040674.56498
971,-4885552.62150,6151013.35653
972,462376.06458,2683954.11885
973,1593668.17390,146088.02567
974,5298812.82571,5671552.86623
975,-9345413.60676,3812777.34808
976,11582181.11834,-2005208.50004
977,3447942.93611,-256142.18970
978,2120547.80363,-8230961.85520
979,2503742.14155,5989523.90729
980,-10643203.33144,4067759.17446
981,1864232.01710,6925532.92544
982,5664253.42052,-7555166.07998
983,8637654.40114,4662303.40622
984,8708689.42899,-8386681.09372
985,10728461.71246,4672106.24405
986,5934378.47211,-7184910.97210
987,10359436.07303,5345541.37272
988,10425069.61068,-51014.55399
989,-5502968.01483,-4285524.39601
990,8352341.33061,6250823.07377
991,10454856.30979,-3404808.36838
992,3332279.34639,60904.14545
993,-6517164.41636,-7866878.54170
994,1967139.92594,-3604845.63682
995,-9223113.25320,-7928833.61272
996,9433150.92030,-7879183.69227
997,-397591.56548,2039491.26752
998,6265271.12611,-8363550.53081
999,4482914.57317,-8114697.94343
1000,-9710209.70513,3355518.29533
1001,-9049059.15263,-8581190.96824
1002,-2900098.52855,-8352558.76928
1003,-9975475.91964,5317372.94851
1004,8147959.70029,6564339.14925
1005,-6945963.58647,6567868.92842
1006,-613771.38196,-8104535.31227
1007,-8198437.24571,3906605.77541
1008,1527275.80217,-2146558.09682
1009,9028725.28523,4266249.10817
1010,13914738.97367,-2776480.44074
1011,-3832061.67546,7805707.56703
1012,4838258.01700,-8529625.27749
1013,11231428.05114,1587996.94415
1014,5564656.40742,-8183016.55885
1015,3687033.49444,-1057790.16423
1016,-10221416.81313,6830575.72601
1017,6081986.69957,7478192.42940
1018,-8341963.76104,-7995474.72483
1019,10654608.99351,4603356.09426
1020,12642802.92187,6865868.71553
1021,8317129.07778,-7750851.67279
1022,-1929182.64679,8202542.03498
1023,-3187012.78991,8182232.03090
1024,4164934.55426,4196704.31810
1025,-2385908.12774,-8261007.02074
1026,2678133.56032,-496954.85664
1027,11216692.57575,4961824.40676
1028,9460123.62131,1697338.27788
1029,8509252.75963,2724501.58180
1030,10431526.93694,6936601.46937
1031,-5748512.22472,-8348634.23561
1032,7180060.83855,6111047.99113
1033,4920494.91542,2873059.04212
1034,4201505.80988,2229637.02621
1035,5056582.76091,5970425.18294
1036,-5005030.87460,-7320.41098
1037,7426321.65730,2869496.77022
1038,7810492.82458,-7323899.02866
1039,4007005.12004,771657.76943
1040,-4614096.37216,-384551.95013
1041,2061838.00683,-8033606.39930
1042,10943908.57560,134070.77867
1043,6047275.55234,-7857372.39576
1044,1349406.84018,4772360.70732
1045,4284377.73061,5119753.85011
1046,-4219627.31422,-2395288.59888
1047,2842193.20730,5225542.46215
1048,-8892530.94602,-8607411.94960
1049,4482397.11752,6618400.09372
1050,-10054853.17994,6821840.85209
1051,-6242274.07662,-8127277.61415
1052,-6071795.08779,-4474790.42761
1053,-10151347.73481,4273386.12009
1054,4599071.58615,1191561.51884
1055,-8286807.79656,-8144641.57153
1056,7608488.13824,2438252.13648
1057,-5922321.16461,907962.48439
1058,9318461.51620,5927014.54280
1059,13852604.59561,-3180266.05987
1060,3978550.81943,-8274186.39182
1061,11715546.07483,861684.05059
1062,-5906498.07192,5845344.89597
1063,-8898391.33990,4421806.56369
1064,-2995742.68991,-8010728.12365
1065,-9322046.17452,-8522150.98844
1066,-5588719.81621,-1039281.62333
1067,407824.38004,-8442021.42849
1068,2504698.52034,-7852476.12844
1069,-6666428.01113,5845001.24860
1070,3184467.48267,822307.90844
1071,-6129609.52583,-3721066.39654
1072,4858078.40750,3496244.08861
1073,7843932.16141,2509921.40872
1074,8417815.73323,-8056523.69018
1075,7754027.19650,4438501.39753
1076,10895856.98503,7122676.99967
1077,-1420891.21029,8156533.53976
1078,-333607.58370,-8430194.50016
1079,3742857.37556,-7721098.81765
1080,9074887.12695,-7128516.34565
1081,10705870.97245,6113562.04060
1082,-6651620.04154,284768.66723
1083,-1650465.59434,7747419.50719
1084,914564.84997,-7338522.90724
1085,10873266.00779,344493.93574
1086,-6394191.18849,-8605692.39535
1087,2498715.38291,5664916.46554
1088,11757040.92326,128007.03185
1089,-1261520.50671,1625346.97187
1090,-133819.10865,2584476.30924
1091,2238362.74667,4645775.91974
1092,-4496747.89483,5606024.13424
1093,-6101483.44032,-402550.72780
1094,-9282719.79722,4729761.35031
1095,8582605.73431,-8534598.17079
1096,-6503142.73783,7494585.20351
1097,-3252831.24157,6786321.40286
1098,519290.88149,2928646.31943
1099,-4881946.37590,483680.34644
1100,9867157.34960,-7602014.86300
1101,-5864444.56139,5766995.44374
1102,2995447.80417,988119.04449
1103,10194106.49959,5712641.86995
1104,-8967111.83216,6772529.50829
1105,-6755642.22335,-867463.32328
1106,-10345839.68574,5328973.30976
1107,1982312.31173,-7264125.44862
1108,2424626.03544,-7784282.44498
1109,-2524431.17283,7023381.34925
1110,-5637965.52845,-7872646.80214
1111,5431169.27148,-7199530.31053
1112,2977210.21874,-8568637.22423
1113,-7532743.19835,-8105057.28728
1114,-8948742.94699,-8491809.34775
1115,-3998107.42553,-8463177.77275
1116,-10492453.42520,4021351.31326
1117,-559202.37969,1331779.28722
1118,39856.86203,1094037.01463
1119,4717693.13635,5789228.49159
1120,5487387.21655,7364338.03465
1121,2230713.34348,-7904007.59935
1122,9216948.28101,1615797.39979
1123,-2364110.77319,-8410010.65784
1124,-4093068.75041,-1183573.32393
1125,7157805.15508,1440845.30156
1126,8906270.21235,-8164961.49284
1127,9531454.41543,2751736.15361
1128,2899716.05131,1483363.75210
1129,4069380.83207,1290061.27367
1130,12748332.06185,6698965.46630
1131,-8261935.97977,7153860.78893
1132,3156795.67292,1382940.81790
1133,2252882.41891,-3456718.72523
1134,-5020576.32519,-8437062.60718
1135,9682850.37465,-8415027.93857
1136,1476556.81244,2423284.50895
1137,9332935.08945,1274718.51998
1138,8691190.97153,3693273.42116
1139,-301396.82493,-8183867.91824
1140,8903179.21819,-8272680.71663
1141,3479247.18630,245162.09191
1142,-5385198.23867,-35074.30734
1143,3671170.42646,-358897.33271
1144,516750.49747,-7743621.94049
1145,9024308.49810,2879247.07337
1146,3310079.13267,6559150.94181
1147,-2538341.65920,-8541128.77662
1148,753726.83180,4866390.91031
1149,8189912.68178,-7632264.14924
1150,5179825.45296,4319959.15085
1151,12495342.97623,-166928.11270
1152,244229.90964,-8283041.94829
1153,2844867.32280,2268506.56383
1154,-6360009.68142,4734207.25496
1155,10191518.73260,3600413.68369
1156,9535661.66114,-8404045.57883
1157,-6111258.42236,-3805821.12101
1158,5736181.90076,4360876.87573
1159,12161783.65695,-3617095.37487
1160,2525691.14624,2194210.73992
1161,4048441.63094,-2553990.44168
1162,3166905.03204,3340888.83288
1163,-1161626.59439,988747.78375
1164,-6236420.99849,7036281.98764
1165,7092092.93227,2352443.15854
1166,2702557.69024,2067252.75603
1167,-7301801.24063,123791.49010
1168,6383533.78688,-7146914.85257
1169,13230164.57662,-3368738.08072
1170,-5781266.91099,95011.89408
1171,9684275.43064,-7461918.98608
1172,3010415.83487,-8431096.21942
1173,11612319.50176,6726879.83221
1174,1150972.84011,-1890765.50916
1175,1637723.29360,2708298.18400
1176,4402597.74901,5541326.62217
1177,2529424.09829,-2996184.48149
1178,12138574.65685,-2072651.98742
1179,8804104.35958,4529486.48830
1180,3305025.24458,-8185593.69211
1181,2196308.19173,6222990.20264
1182,8529732.49288,-7095083.74739
1183,2274978.33466,6309638.32554
1184,-8192989.50240,4801022.96617
1185,-9716084.35075,5209221.71342
1186,-903120.06345,-8039832.92946
1187,1715298.54168,6496660.31162
1188,4956380.38622,6843056.26297
1189,11468191.31488,-3424718.12725
1190,8000236.11090,7007297.42512
1191,-6677324.69730,-204130.52343
1192,10826811.98429,7090220.84225
1193,-10057215.30631,4660112.86436
1194,8871549.83855,2266522.55350
1195,-3050308.56809,7555757.60663
1196,2831405.36104,5872615.80475
1197,-5819117.30566,-7584435.22415
1198,8437980.40438,4445746.87130
1199,-8559694.02604,5003906.17737
1200,10702424.22431,-7222667.40044
1201,-4147286.13705,-8473040.09226
1202,-5956798.98291,-3917024.27313
1203,2000482.20654,5803661.83290
1204,-868500.56811,-8437169.94796
1205,-5642179.33673,-4622004.91347
1206,12047959.82994,7023085.22010
1207,-4443879.10966,8254032.59627
1208,4521797.60773,2704648.78657
1209,-4650850.61387,5693137.33281
1210,6445930.78081,4479455.19810
1211,10139419.69055,4682901.81741
1212,-6814894.24282,-8464225.32851
1213,959172.87343,-7683591.83366
1214,4548033.74711,5404950.55689
1215,-10164103.60452,4969630.53745
1216,3034532.90770,6291657.94379
1217,-10909761.83219,7077883.19014
1218,-5469937.42482,7245103.01473
1219,5735005.90088,5356452.32229
1220,11233017.39384,6618915.44648
1221,3020291.97109,-2569142.32514
1222,-6405612.63309,7040388.71581
1223,-5457008.67111,6351311.35306
1224,7536990.36010,-7472568.70455
1225,4191093.13872,2231470.79808
1226,428426.44087,-8164046.83424
1227,-5772938.10004,6419516.11586
1228,6602221.95842,2698417.41935
1229,-7487540.32227,-8063293.14785
1230,-9410281.40209,4515086.12323
1231,-6343298.82348,-1932960.16801
1232,1835202.05276,5468463.16906
1233,-10313275.99342,6342782.81562
1234,1624433.90684,5120389.52080
1235,9010605.90334,4876533.97397
1236,-3873883.76065,-8368575.55400
1237,-4443292.43663,-816673.86866
1238,3784605.79183,-7727637.30196
1239,-9973540.18042,4580064.84162
1240,-8015698.57480,-7932786.76899
1241,-1931208.66672,8292286.25102
1242,-5553157.20077,-5551658.88818
1243,-1154021.15543,7710152.12730
1244,11237245.39382,-3378545.08535
1245,5758820.13463,-8572373.93658
1246,6031865.09647,-7385029.82693
1247,2232589.69375,-7522967.65097
1248,4304257.47933,6249602.30839
1249,9008075.39080,7035684.09110
1250,-3346372.65663,7983301.52006
1251,1251599.65238,-7533680.23881
1252,6032284.67514,-7082468.52129
1253,-8929034.10385,5193326.78435
1254,689518.00638,3772534.23979
1255,-1263154.46724,1664671.81921
1256,4777174.41610,4561187.53556
1257,4380238.47397,4030352.66398
1258,12519109.57857,-72606.58028
1259,-4739651.40093,-8191072.23654
1260,-6281010.84903,-3588510.85936
1261,4379515.08526,-7542205.65821
1262,-7331197.50498,-8581137.14573
1263,-10271154.98338,4202664.26816
1264,8436636.13426,6175305.41751
1265,8545526.64060,-7420517.25420
1266,-132359.76881,5566600.39831
1267,-8591217.70640,5918840.50532
1268,3210943.55429,217584.66523
1269,718048.55333,5077154.08695
1270,2275697.14261,-7782174.79851
1271,2814871.08791,5246978.47123
1272,4453678.49315,1497968.53264
1273,3984327.52299,6401880.21134
1274,-9189876.97407,3416590.88631
1275,-2532326.12828,7645055.58959
1276,-5200912.97997,8117768.28183
1277,-8955852.92784,6007402.13198
1278,215389.26094,-8445642.66549
1279,8081842.36635,-8299039.51879
1280,-428870.72772,-7357249.37867
1281,7363658.33955,1770182.04156
1282,4735956.74138,2342172.57773
1283,-8602890.66889,5588362.80620
1284,7504556.60716,6069772.61422
1285,8651688.25541,6155567.07759
1286,22445.89623,878954.91464
1287,2674954.44329,6570359.03530
1288,-6267038.75996,-598672.85283
1289,428655.61886,3377619.82531
1290,10022025.19357,6502850.75794
1291,9604899.95312,7388300.76195
1292,11479115.49686,-1903523.38804
1293,444646.02320,3752253.91670
1294,-5498180.23940,-237175.16264
1295,-8818103.71793,5921616.65211
1296,9953664.30763,7214007.50828
1297,-8883380.57108,6000223.82063
1298,12135812.02324,-2794855.78501
1299,3186723.28986,-7210886.91860
1300,-5633081.54163,-1276479.49164
1301,1868325.78574,-821730.31670
1302,-3010610.98716,-8592985.31325
1303,-1458621.07209,6823713.68054
1304,5165268.78986,-8441983.64956
1305,2338519.92142,5522806.60394
1306,-7373404.39163,-8257042.96919
1307,1694479.59140,-1292606.25704
1308,-8650992.15110,-8524176.62563
1309,-3940521.92952,7924954.13124
1310,7664502.14279,1875520.27518
1311,-4485048.44241,-1701982.73948
1312,-3238221.90575,6713976.66714
1313,307554.34580,-8559241.50671
1314,2557200.55818,5379522.29608
1315,686085.06770,-8567543.21077
1316,13706031.84777,-2717053.45801
1317,-5863814.83667,-1518202.45741
1318,-5244355.56383,-3227505.27200
1319,9094513.61585,6620641.50142
1320,4076063.41530,882200.56458
1321,10090530.22147,-7716997.67647
1322,2276660.46391,-1141623.83079
1323,265584.23260,3367773.47955
1324,5101916.45045,-8316252.95779
1325,8172932.68857,4369410.75949
1326,-2976011.16521,7570112.13884
1327,-6209100.91882,5727609.76246
1328,10176600.79144,4008740.18495
1329,-5372313.16106,-5822758.89489
1330,-951803.67468,-7918978.45263
1331,6522788.44606,7530338.53424
1332,2962866.51514,3037191.45948
1333,-10543477.55822,7321271.44275
1334,-10922070.83134,6719290.65328
1335,3149261.73253,3309523.92151
1336,2908380.51285,2331702.13479
1337,10442462.49271,6694662.57962
1338,-8317270.03504,6640944.68000
1339,-9479353.03410,3798353.57587
1340,-4512332.06654,-2745569.80270
1341,-5138724.31494,8222346.11883
1342,-5617080.67849,-1305320.49155
1343,8410929.89156,7399483.83814
1344,3138953.20129,-7698141.55345
1345,-8611690.84439,7052996.60462
1346,11064193.69772,950580.07198
1347,7266562.96534,4305974.05243
1348,-7439912.73723,7481141.04018
1349,3114464.02353,-1531722.03196
1350,5978295.80453,6787652.56654
1351,7590570.24296,7133273.76372
1352,3504812.46523,5617598.17827
1353,9163543.93342,7073990.64645
1354,-7455367.14188,7753702.61963
1355,-5615139.30693,-1926905.16839
1356,5993599.36826,6755334.47438
1357,8738169.57803,3634307.81333
1358,9708390.74347,-8412572.26328
1359,5797575.13908,7188787.67957
1360,7259815.54679,4064896.71676
1361,7419114.35911,-7290379.11103
1362,5769029.33315,-7539715.16618
1363,-8176652.92002,2158795.29849
1364,12382370.63983,4640564.85716
1365,8734960.34588,6246216.40941
1366,3118080.24595,6997165.62028
1367,623957.29531,5541079.98513
1368,13137956.93484,-499390.10701
1369,3118092.47661,-8176826.46652
1370,4496512.16123,4716610.25581
1371,-9670209.38607,2802616.29807
1372,-4165555.19010,-281956.80569
1373,-9826145.75331,5739465.74177
1374,3191625.69549,8146561.78691
1375,-3183468.56965,8045445.28910
1376,-1593529.93475,7418072.74604
1377,12704540.25358,-3312877.53022
1378,12092094.76752,4546349.95167
1379,-6405434.87634,641549.53619
1380,7027173.53738,-7255695.86350
1381,7160681.38266,1485254.87342
1382,6076894.58797,-8600992.00588
1383,-5786484.04754,-2908306.26761
1384,4274196.58763,-7983524.73605
1385,2345710.94730,1183533.74358
1386,4516356.18724,6401453.32222
1387,6259767.99929,6544876.15889
1388,-1491502.51301,7338421.48436
1389,-9060330.53867,6489779.60542
1390,7247475.58269,-7673247.83383
1391,6331142.02039,3326601.15418
1392,6339733.48032,2882892.61194
1393,-7842677.84886,6427046.72318
1394,6483214.05416,-7831037.28595
1395,5028383.22979,7047597.04887
1396,2197928.71582,-831285.24644
1397,-4797625.82481,-8268942.67740
1398,8224981.20283,4870135.28766
1399,4706465.59744,7502092.36733
1400,-5800575.03745,-7946025.88723
1401,11896027.44282,-2599014.63457
1402,9344107.72725,7223945.07011
1403,-7820604.46317,6406668.18825
1404,208037.76560,1933466.58871
1405,-6171532.11576,-7676023.04156
1406,-8726972.66729,3894775.77663
1407,2924189.84910,5841723.97260
1408,12016664.42607,6434807.96606
1409,-5683324.63678,7282641.72488
1410,8986534.56039,3317468.39453
1411,1142410.60103,5235005.00346
1412,5315856.30710,-7894428.23725
1413,13921218.24095,-2525114.50487
1414,4384218.38775,3650094.72612
1415,-10885289.09546,6392971.50454
1416,-10235497.31171,7175034.82826
1417,9848433.15074,5167520.54701
1418,2083031.81924,999155.92037
1419,-241610.34167,-7650655.97027
1420,10658109.67992,-3012669.30163
1421,10326971.94470,5383160.35991
1422,7351431.68084,6048637.36178
1423,10366291.85806,3238702.24490
1424,2013833.91355,-3499945.02814
1425,6583383.48018,7781001.07503
1426,-6105903.48800,307658.91629
1427,-5552931.52912,-8512948.49724
1428,7415286.52029,3355629.71673
1429,2840531.76219,750480.40679
1430,5523143.63473,-7754183.86625
1431,-2663470.23280,7355645.70305
1432,2250005.03231,-8422986.43544
1433,-159426.85682,-8477318.12373
1434,12452187.57458,6480935.54386
1435,10826870.90212,6971814.70364
1436,5305014.94183,5251612.19166
1437,8932573.69689,5908043.17257
1438,-2552378.91856,7007955.29686
1439,10587922.43520,5702786.85399
1440,-1255130.82937,6801385.11148
1441,1032490.86108,8035918.68718
1442,-12182016.88923,6889305.83326
1443,1804278.84444,-8031673.67354
1444,9898367.00795,1277179.13754
1445,-3671481.26064,-436797.67736
1446,-5805357.47814,7732880.80187
1447,3561294.36235,5767631.22712
1448,10326624.10966,6413826.92791
1449,7196448.49126,7022223.73116
1450,11533191.70047,7100901.46524
1451,9951408.62377,1535331.56109
1452,-1363367.00998,7794102.77391
1453,7491404.83288,6620156.38348
1454,1664993.88120,876951.26988
1455,3375675.56762,3840186.55286
1456,10043797.68562,6982469.97837
1457,9076437.92378,-8247159.44069
1458,10483140.70498,6952712.51629
1459,4120674.62779,5473340.15612
1460,1434861.51561,-8034331.51134
1461,7581165.88583,4600811.26365
1462,5586021.18420,-8512127.03868
1463,4397337.23124,-7062416.56994
1464,1218102.04007,1175464.43834
1465,5417591.91797,5152612.49131
1466,2095091.93195,4942529.49876
1467,9061310.66165,4614625.67336
1468,7507082.41932,1465266.38577
1469,7500127.58827,-8505747.03539
1470,-7075659.03365,-1376651.62148
1471,10376235.27372,5216459.41511
1472,-455153.05188,-7571781.13722
1473,7541164.87516,-7644986.12611
1474,-1168424.18642,2971229.03753
1475,-8879694.05671,4753440.70722
1476,2594285.43441,-8325934.17493
1477,2367007.80408,-8134516.17786
1478,7089448.42251,5182958.20025
1479,7764948.48535,-8385391.60346
1480,2287871.93287,-1245204.22916
1481,7271636.58307,5260204.30724
1482,1615742.25567,7267048.88827
1483,10125910.28040,3943117.37614
1484,9745768.37222,4246840.85123
1485,1688176.03636,5487009.97259
1486,2087976.22419,-513636.62974
1487,13329028.15618,-2928819.57383
1488,-3993052.60863,-1495110.91057
1489,7552966.88668,7529538.20949
1490,13002588.34678,-3305467.63918
1491,-5620462.14632,6487480.27260
1492,-7897130.71141,5648670.65512
1493,1220627.39704,-7460923.40804
1494,9557505.23178,7240243.50039
1495,6164206.56215,-8539380.25940
1496,-6997983.71560,942738.08359
1497,-6762511.06837,-673631.74608
1498,-9491279.86619,3856891.34674
1499,1078375.93625,669609.86452
1500,-232456.23384,864821.77062
1501,-4459912.79635,-7718987.64378
1502,-3988540.66970,-8180663.14607
1503,701641.96949,-8556990.33475
1504,5525349.26157,3439041.81092
1505,13045109.96324,-2408779.08356
1506,9859307.09151,6024184.54288
1507,-257802.89216,-7682828.98092
1508,1314677.27434,-1272141.42325
1509,-12029161.27054,6468610.68789
1510,-2521604.69024,-8507508.23315
1511,2916490.74060,5095483.64719
1512,1972541.91028,-8568181.69235
1513,7254103.90983,4369649.47540
1514,4458388.82278,588039.94947
1515,4090246.40623,-8502549.95308
1516,-8648555.24722,6398663.32047
1517,-6914406.21157,3711001.28800
1518,2145760.70921,-8433304.13478
1519,4258243.47878,-2128270.26620
1520,-7610830.26793,6885276.17308
1521,2167305.66923,6689644.29948
1522,5151823.26439,3517603.63388
1523,-5364641.87428,-3905800.29573
1524,9976786.35556,5246297.53236
1525,498424.70267,1969547.44285
1526,3387023.49943,1503222.50233
1527,-8125258.27315,5059783.75359
1528,7480123.95023,4041213.27503
1529,7990891.48585,2142196.86861
1530,-7679095.40143,-8606169.64993
1531,12837188.92968,-3800900.19308
1532,11586140.78026,-2305058.55533
1533,-342880.14508,4022089.17250
1534,-8582890.16335,5949785.53980
1535,6527348.38547,6901524.63987
1536,-5653000.92947,-8367497.26794
1537,8630622.68679,-7376654.62618
1538,4648533.60011,-7808902.70811
1539,11259845.76492,5086140.98916
1540,-6974271.15607,-7919480.12291
1541,6900330.62592,-7505100.38408
1542,7168965.59082,7203996.08875
1543,1978354.63552,-772814.17281
1544,-5760714.76524,-4863833.66664
1545,8295020.73776,2462811.60693
1546,-9321080.99429,4615443.03372
1547,8417837.66593,-7776679.33211
1548,3229923.22793,777663.83841
1549,-7606374.47455,-8212488.38756
1550,-5987406.82303,-4101085.60142
1551,10588574.60593,-2511337.33114
1552,2787898.78092,834313.74798
1553,-5822356.13031,-8612551.29603
1554,10583525.67514,7018375.58007
1555,6195848.09919,7155424.62529
1556,6688407.58844,5254033.90058
1557,-2314416.87943,7385885.11620
1558,-7453480.21923,4765692.60846
1559,-8750676.73516,5615074.04526
1560,9732563.63289,2884767.57171
1561,149936.89553,1947064.85326
1562,-6934780.64538,-1626032.86617
1563,1647773.29559,-2931515.19296
1564,7725678.91033,-7411047.88275
1565,8472180.23877,5089110.47768
1566,5816839.11296,7437381.74155
1567,-6563139.30176,-8587367.46265
1568,-8877978.47451,7245789.39400
1569,7174238.95678,3397933.44046
1570,5706479.78851,7586059.22344
1571,3992474.62755,74213.07861
1572,3082430.78245,3295924.74401
1573,4178018.19550,-8560385.87995
1574,-4484432.13840,-8532858.38368
1575,9595288.08062,5229546.04892
1576,4694016.04822,3635354.00152
1577,5577770.04280,3774053.14522
1578,12645977.97103,6546131.28384
1579,8510138.35477,5363842.03186
1580,-931651.45147,802826.58866
1581,-6185934.85550,6754949.81075
1582,3956133.14046,364495.86831
1583,7654866.75870,5317633.22494
1584,5748157.95486,7457963.86503
1585,10307666.41020,6181791.82315
1586,9323701.18007,3085427.89292
1587,7014139.34090,-7595983.71103
1588,-8207323.97679,-8490435.12632
1589,4906176.81446,-7959695.29633
1590,6462372.31177,7267171.95795
1591,-1218534.90995,1131158.78691
1592,11558023.11954,6570218.50077
1593,3918999.80030,7108027.21781
1594,-4124454.33597,8150720.56134
1595,10943267.18485,2858555.47368
1596,9001624.87063,3052135.24671
1597,13358627.44306,-2581411.07596
1598,6517827.99364,-7679085.59884
1599,7790482.53339,6164628.48719
1600,-471871.23642,4087290.76997
1601,-2944477.31671,8051156.83553
1602,-5229940.17931,-969669.82556
1603,10160963.67568,6757599.35728
1604,3549927.67952,-1278703.12235
1605,4683194.03166,3668344.45339
1606,-2256941.10637,-8570331.95785
1607,8588476.03474,4208727.50830
1608,1969479.54417,-3446753.83888
1609,7146877.95964,7690956.71187
1610,1406905.96091,5178395.08481
1611,7054017.36912,3399675.82141
1612,508633.68950,-7918693.32052
1613,-11107484.88568,6533835.21236
1614,-7588501.49920,-8512414.40633
1615,-8895528.52497,5817335.53638
1616,-6347161.22860,5210947.26215
1617,3451791.45123,2876330.24534
1618,12966239.47925,-2134317.43900
1619,-4497068.27120,-88457.29821
1620,4456867.13595,1653802.16935
1621,10836631.90971,141606.52146
1622,-781595.02352,-7706377.70224
1623,7010784.54509,6574711.02583
1624,-7066579.34771,6414380.21291
1625,-10586961.51176,7196721.76063
1626,5381859.77919,2457935.16110
1627,-7973781.51834,4347676.53281
1628,-3768978.77081,-8531317.85361
1629,4672335.67672,1027464.21667
1630,1648610.60815,2677365.23849
1631,9508845.75504,4112080.82205
1632,2956705.14679,5016264.45066
1633,-4925739.85972,-7956251.20561
1634,13489620.49600,-2521521.84848
1635,-6435498.52597,7446303.53136
1636,9226977.67190,6954327.65893
1637,12213547.35053,6680816.99318
1638,-7986804.47109,4229708.58133
1639,4311969.52395,3468350.90265
1640,-5747325.72536,-267616.05182
1641,1159606.28723,5450837.52851
1642,9806021.10389,6548620.59272
1643,9036878.93187,2694123.98694
1644,13258035.17898,-488767.85346
1645,-8789618.87492,4706925.81999
1646,-6929093.91149,-1554638.67634
1647,11628063.53520,-2216365.65431
1648,-7221745.72484,-7830880.52553
1649,4140481.80783,384193.28879
1650,-345054.50282,5651641.70789
1651,-4207098.50515,-7790544.21936
1652,3089687.87973,6277147.88487
1653,-9326885.46535,2054282.24642
1654,4533966.27744,4374177.87152
1655,-5199573.85946,-3893475.46202
1656,-5262875.57442,6806258.00019
1657,8689246.15066,2741179.54052
1658,9032535.44809,-7373369.25469
1659,-812332.04004,-7594599.48277
1660,13685520.25604,-2709702.50927
1661,10200885.21830,5945536.90824
1662,6040220.21515,-8228356.22828
1663,-6419979.68620,4553947.23119
1664,-10354480.90403,6706206.98111
1665,3845267.84444,579239.25022
1666,-6375158.30049,-454244.02106
1667,1530418.03458,2348718.20699
1668,4070925.23089,6041878.96382
1669,8540416.35565,-7478351.57859
1670,9672364.21451,2506345.35127
1671,11475114.62419,6717694.91241
1672,-5745347.26453,-986524.26399
1673,-5237962.61553,-3467000.38652
1674,-7116231.49204,3815093.80352
1675,2053677.84643,-7815597.02068
1676,-398534.10465,1016816.29812
1677,-1312318.91885,-8445162.02983
1678,-11298734.68947,6657322.14640
1679,5752188.75905,4994020.68582
1680,-1184719.28282,-8590520.61072
1681,-3616720.23466,6871673.90833
1682,4743534.95779,5984473.47922
1683,5022157.54166,-8528153.00841
1684,2887050.55557,-7978644.64334
1685,-3986679.38439,-8544068.26915
1686,8961078.71627,4649742.69911
1687,-1496995.79544,-8384969.72081
1688,-5519211.30228,8028551.14170
1689,-5731645.49790,-3888220.75835
1690,-6277739.08712,-635767.12547
1691,2797854.48430,-1189016.21269
1692,-9718488.75583,-8016370.14667
1693,-8894282.98308,6785235.17687
1694,10405168.20516,6540360.34071
1695,4219183.16253,-1950775.27522
1696,-2856502.54013,-8571004.17103
1697,-7789768.89298,-7800408.20977
1698,-10320273.15427,7028510.15876
1699,6089970.28603,7164601.33706
1700,8788081.63711,-8437219.83366
1701,7823574.51508,-8476204.00313
1702,6870237.73063,-8600250.79133
1703,10978523.64152,6579265.34264
1704,3695732.74043,-1015902.72767
1705,-8508630.89030,5029067.69638
1706,2703089.04074,-8070082.24849
1707,10501701.23694,-2576801.16497
1708,4517125.49756,1979671.72642
1709,6264225.44712,5341989.33881
1710,-354390.13376,1283162.40807
1711,-9931471.99112,6151377.96639
1712,-7533543.22537,6664118.32490
1713,-7194873.49303,-774547.78713
1714,3867550.33570,6940088.04102
1715,-7510122.89012,7213020.15308
1716,-4999472.99001,-2859422.41350
1717,1860636.14525,-442801.11923
1718,2810210.29838,6950481.64114
1719,-9494437.85096,5390498.99337
1720,2242709.18716,-8521996.38907
1721,13905287.78703,-2430611.31162
1722,7916244.29815,6621569.96543
1723,-5936514.18609,1111526.06729
1724,3240315.01087,4948573.28922
1725,-2445417.59492,7809588.91261
1726,8244829.04685,-7639119.39296
1727,-1220265.48663,2807997.73744
1728,5440286.63832,5447485.33605
1729,6995646.75650,-7107723.28256
1730,9615437.43836,4986487.66201
1731,2990146.29560,-7186586.79282
1732,12777226.94348,-1385681.60772
1733,-10693598.83083,6449648.83304
1734,9170858.44883,-8472561.98828
1735,-3041141.97431,7837740.25850
1736,-9746232.63407,3230098.53216
1737,8501651.77477,2362418.95355
1738,5033486.01632,-8540495.27339
1739,8273963.99877,6400147.35808
1740,1859329.86345,4794947.18248
1741,4518118.07712,-8559796.53051
1742,3048796.04909,-8593347.87633
1743,10500254.32143,2655859.93979
1744,8902594.38711,-7708847.98202
1745,2620482.25701,-8461441.34710
1746,4510483.76218,5597657.52356
1747,-4029877.15487,-8476062.83763
1748,2802073.16558,-2345040.85221
1749,-6087436.52636,-2737762.57050
1750,9397410.98142,-8458610.79572
1751,-6754836.92118,-8570446.27395
1752,2212450.89398,6076551.24336
1753,-6588198.89526,-8544956.08296
1754,-5968587.63176,-1500965.40935
1755,4482483.39895,-1974209.54349
1756,5977980.74663,-8323185.66958
1757,5303559.43137,2842621.09031
1758,-7055459.25403,-621749.12723
1759,11258583.24520,3828000.86588
1760,-5495966.41615,-8014356.97540
1761,-2165031.82943,7192179.46579
1762,4101184.90775,573804.55257
1763,10314363.85394,-3598328.16626
1764,1759142.09380,5505984.46724
1765,1564910.66460,2746205.32160
1766,-83148.28226,-8087604.29003
1767,2405978.99097,7171656.15852
1768,3066718.08660,-8032315.07983
1769,453149.83708,-8383639.62248
1770,4783886.20794,-8054428.84021
1771,8881882.74447,2841216.78712
1772,-5067286.30618,-8128516.32686
1773,6359407.97408,5083469.62501
1774,4304196.42790,7238489.77165
1775,-6498945.96875,-2086911.38673
1776,-5851303.77317,-4286854.91312
1777,-5259470.65495,7431212.88503
1778,9760857.86527,2256466.79856
1779,5320698.08021,-8294464.47940
1780,1750563.17033,7117322.48741
1781,-8776783.84264,5389862.57213
1782,-7101806.88682,806731.54740
1783,-4332571.36668,-2146169.97358
1784,12030426.95757,-2235899.16827
1785,2363269.04289,-1431786.01303
1786,8832645.04468,3270700.17677
1787,-6324181.52220,60770.63446
1788,5808771.79537,-7386349.57183
1789,8172321.36105,-7534648.80496
1790,4632817.82318,7038204.23293
1791,-10323541.37781,6159137.11836
1792,3589323.35664,3420978.85075
1793,4119986.46907,5055764.36277
1794,10025347.15060,3834104.36151
1795,10252966.01129,6957763.05879
1796,-7128716.70954,4156499.21136
1797,-1259226.38271,7786530.47163
1798,-4643769.41379,-8102793.62006
1799,7397004.20600,-7451331.37819
1800,9882000.56723,6089158.00316
1801,12393815.69335,6521796.01096
1802,9486226.43586,-99648.78881
1803,2262323.15021,-8131199.82041
1804,7138960.18796,-8426320.86053
1805,-4762810.87419,-928056.82305
1806,5149290.86510,6022803.98394
1807,-8144635.47356,-8086441.63690
1808,2271539.19260,7210278.54947
1809,695818.96851,6359143.86239
1810,1546029.19000,3311655.66151
1811,-5174625.49726,446464.94508
1812,-6068936.14831,-8487411.27386
1813,9295805.43737,7054920.98248
1814,-5794260.34230,-3666579.76444
1815,6215603.55803,7242415.06719
1816,-8561229.09541,3892175.02689
1817,-6518212.42426,-830661.69882
1818,12591082.61467,-4057680.50809
1819,-5248945.80181,7678222.88532
1820,-7650998.55197,4421166.04463
1821,1724033.31107,-8580833.32186
1822,7391692.21532,6797962.25771
1823,-2204343.41961,8240778.83954
1824,9007380.16730,6833024.23517
1825,1489026.22606,6729340.06393
1826,6457082.58678,3871932.70488
1827,5878000.10859,-7134668.69654
1828,-164249.23281,4598294.42185
1829,2688108.47310,-3290738.80810
1830,-8769079.34228,3933525.37913
1831,8370461.11877,-7969672.20191
1832,3660190.82642,-1232616.59477
1833,9380570.89507,-7564255.03610
1834,-4061059.90342,-1361627.60160
1835,1805311.65042,-2005277.21468
1836,532938.73652,-8448698.48826
1837,-7595289.03694,-7978046.94809
1838,9133406.84685,-7648130.81021
1839,2621335.45813,-8379679.85669
1840,11067617.58523,5295605.95547
1841,-3693990.90068,-8449006.93498
1842,-8213857.03396,3149969.12298
1843,-6845592.28772,-155810.50072
1844,2641893.20796,-7639689.04976
1845,-1843515.86549,-8358867.56348
1846,8915540.85211,6602683.97524
1847,-5161044.76816,-8565059.04694
1848,2228044.94709,-2154916.05075
1849,1429126.98256,-7559506.22118
1850,-5109383.28417,-8446863.92418
1851,10275831.01618,4946121.67654
1852,1230114.74071,6896227.08791
1853,-8440308.81425,6180516.55832
1854,9472565.70203,7450354.99054
1855,8736802.22346,6391908.30522
1856,-3818521.02204,-8587358.87997
1857,2995886.23483,6356729.35110
1858,-258140.50759,-7897983.64390
1859,-10700844.69655,6740000.21630
1860,9414446.37625,5304530.96915
1861,10002092.58020,-7915477.20664
1862,3481068.72631,-8114607.51557
1863,-7607991.35394,3511603.14732
1864,12243484.52828,3740823.94761
1865,4241228.66347,5956587.16593
1866,-6840526.72527,4536721.54266
1867,4504790.55740,-7373438.04410
1868,-6768561.03204,-153220.84727
1869,-5803025.61011,-1109300.55803
1870,4595361.85338,6586781.04138
1871,2655849.29427,2520104.55694
1872,10760461.82620,6068842.25250
1873,-9445107.05765,4677939.68262
1874,-8748359.34513,-7925064.39474
1875,-5852719.13001,-8035716.19096
1876,-5939037.45546,-488163.34713
1877,9308902.06417,933456.25801
1878,-6284317.88398,-8167781.70593
1879,9698433.18885,5635391.85043
1880,-7002689.84291,5466067.60937
1881,4876138.38134,-7636580.91919
1882,-8355328.72647,2089780.57337
1883,2313632.89985,-8547096.74053
1884,1980601.63585,-638696.00442
1885,957498.54791,1116859.63034
1886,10239115.61619,7315102.62733
1887,-6281385.57705,5509011.13676
1888,8549808.67572,-8560324.48604
1889,-5338282.30570,-8606619.71090
1890,-4530084.46059,-7590815.09037
1891,11943276.66585,3794194.09611
1892,-7138298.96624,4451558.41114
1893,-3531602.38127,-1267106.67370
1894,3483047.78549,-7960689.15723
1895,1875283.57659,2628223.40227
1896,1872175.21943,3066921.71960
1897,3823491.70051,-165968.28449
1898,9323201.05011,2681030.65146
1899,-6931807.31026,-7869693.86163
1900,7100359.59031,4640702.05394
1901,-4800254.46489,-1914045.21057
1902,642824.93365,-8565089.16736
1903,6204917.27835,7583590.60229
1904,11599940.98919,6608377.39681
1905,1893026.06716,5763392.43191
1906,7832602.11639,4167034.95670
1907,2146786.77348,662538.68324
1908,6097798.16927,7715619.75378
1909,8242495.96262,-8055764.21640
1910,1755627.28438,-8452751.08020
1911,8233418.06504,-8203978.20653
1912,-7058864.87662,7701322.71092
1913,2388729.93091,-8045976.73762
1914,10359695.44036,5291211.60140
1915,-90810.72157,3685290.61650
1916,1930713.49773,-2321704.88737
1917,7355253.92376,7272143.08450
1918,3783222.51229,5385278.99997
1919,2381598.17446,7020583.30305
1920,7870333.68826,-8256291.60170
1921,5566357.84441,2976215.07326
1922,1318742.40030,-7420781.73239
1923,2759288.91234,-8502168.34828
1924,-5292258.97500,7516374.53004
1925,10624212.45446,-3577530.24632
1926,9384972.46679,2599801.89072
1927,-7781125.14776,4212191.06745
1928,-828476.82971,2178356.39634
1929,-7059115.98666,-909985.99094
1930,1342582.57579,-8377982.56883
1931,9602834.75561,5569695.90751
1932,7688373.48715,-8226343.48275
1933,-889912.02684,-7974450.07852
1934,-5851263.37884,-10424.40060
1935,-22352.85588,5226732.20478
1936,-5438922.98538,-8550762.01470
1937,-6878739.56478,-1285330.67091
1938,9730452.99159,5306224.26059
1939,-7030685.52968,6602583.79693
1940,-4160936.59751,-339806.38186
1941,-5530365.52517,-8399621.86061
1942,11179852.06032,6381667.37483
1943,-3188206.40463,7998149.66491
1944,3323228.11230,6322476.50087
1945,-6330230.75131,35065.99249
1946,-5378385.92226,-3761943.36204
1947,5529992.91124,-8038726.06008
1948,-1012729.39584,1608157.84174
1949,-9245373.09492,3609939.63827
1950,4154101.01576,-2400464.55166
1951,6988626.03220,-7201705.10729
1952,8805719.06558,6180095.94376
1953,4602956.37537,-8605283.77908
1954,-7633105.15322,4130762.98969
1955,1721757.44391,6164371.37952
1956,8854871.88184,3163133.95398
1957,11018577.40637,704000.84043
1958,505312.62026,1312614.35428
1959,11116694.28452,6921518.70447
1960,10268068.09041,3627522.11850
1961,11718568.60237,-2181447.16720
1962,5271827.42106,7437136.52814
1963,1556686.18606,7303281.00042
1964,-8811732.54892,-8496744.78445
1965,2103595.59931,-7720288.73401
1966,-7066237.15495,-1351279.13243
1967,-2338134.96601,-8524444.56581
1968,-6951120.21780,5536233.83559
1969,12301567.88314,6765991.89749
1970,-163581.09279,2379758.72438
1971,-6223998.67249,-5126876.71246
1972,3745683.08128,8153252.36485
1973,10850454.18188,-3112147.54340
1974,5807095.83092,-8068876.96820
1975,8744368.32194,5195999.66099
1976,8972093.79265,-8335643.23577
1977,8673180.00482,-7206541.63968
1978,5578928.10362,-7673214.34941
1979,-7251266.02990,6412038.21993
1980,560254.89569,-8306163.30443
1981,12778840.18397,-1888381.66946
1982,12245567.03557,6861925.81025
1983,2087621.70942,7240769.98604
1984,-6392037.57363,-8408184.48686
1985,-9060614.54873,5417024.69496
1986,1617882.56730,874023.21376
1987,8136056.80442,-8536302.62775
1988,7997147.20254,-7693452.88057
1989,8251660.04827,-7262748.46820
1990,6332022.49150,7394840.55434
1991,4802538.28367,-7742023.60840
1992,-5489108.77687,-1301240.75315
1993,-7902752.80661,5055079.56015
1994,5687883.41413,4375883.47873
1995,11220599.34693,5329441.41216
1996,10441307.52278,-7458947.07475
1997,6989249.88334,-8540007.74669
1998,1715982.95601,501054.38640
1999,7417255.04627,5194744.74856
2000,2527335.07293,-1492245.84568
2001,2810319.38088,2860365.32080
2002,1997849.31718,-7960802.96647
2003,-8690141.08221,-8540026.92966
2004,3291567.40762,-8350811.75685
2005,10937054.26595,-331318.33634
2006,4198894.92350,5946032.03377
2007,-3439454.86042,6662068.15793
2008,-3589722.40248,7860971.20548
2009,9363792.21838,-8458763.37236
2010,3899532.20515,-7121160.08881
2011,-10096920.39864,4522232.64939
2012,9377749.86238,945397.17360
2013,5484007.26891,6406639.63136
2014,-5249654.89511,414618.89596
2015,-4704720.46852,-2052506.98633
2016,4683676.33877,-7575614.29554
2017,8778099.22144,6917360.00573
2018,9545522.56628,6550294.15384
2019,6504666.90470,-8467638.55591
2020,2544464.28183,-2053509.96551
2021,-32231.02494,5245072.49764
2022,10862748.04133,3287075.63370
2023,-374504.14419,-8486581.75425
2024,7386743.18791,5189428.10128
2025,-7304282.30343,4708804.66800
2026,-8014702.08805,3283309.72843
2027,1956386.90198,-162013.54146
2028,2006453.93336,2584980.01178
2029,11037539.25266,-3529485.78193
2030,-4126827.55638,-1086998.50489
2031,1778167.67866,2628950.75056
2032,3318105.85540,-8563222.96299
2033,-1147264.98300,-8611366.65179
2034,4211852.24425,2082651.88045
2035,7998873.00031,-8588563.75711
2036,5460339.86196,4200986.66146
2037,3085695.09717,2260535.70775
2038,-3179431.36730,8228811.85343
2039,6448676.92523,5464330.50085
2040,7029738.32440,2554446.49623
2041,-4982095.47395,7905520.88015
2042,-1087688.72058,1433341.18094
2043,-2021884.43176,8099771.19564
2044,-9917031.10498,4656077.37768
2045,3550126.02809,6739878.24693
2046,9556393.95381,-6980674.35307
2047,2424716.82640,-2858777.04909
2048,4882859.71989,-7639433.59011
2049,4442474.36065,-7363151.66358
2050,8761749.76482,-8484615.98703
2051,-6344648.16556,-7679912.37025
2052,9831613.50040,-7900473.17352
2053,-10981186.10445,7260766.51880
2054,6239232.40809,-7257966.55167
2055,-9567958.95137,5754331.94515
2056,8724810.43843,7038563.24621
2057,-11158187.44371,6502760.79991
2058,5651779.02553,-8030708.11421
2059,4595821.06991,7257379.48977
2060,2068573.80404,-2119110.63804
2061,-8051436.61916,4852442.16902
2062,2855935.50892,6427351.45463
2063,-1984111.84335,7635130.40433
2064,11071819.76935,6338843.37539
2065,1254245.32644,-476015.66923
2066,-5054039.54010,-2658525.00222
2067,-600321.16348,5665920.67070
2068,13661045.19872,-2104734.71560
2069,-9563413.22261,3100170.31097
2070,2647004.78022,6983992.57121
2071,-3530811.42211,7698656.20625
2072,4894438.51417,2957007.36324
2073,-8724538.82970,6425728.54948
2074,-3456978.46281,6571382.48961
2075,2405494.61150,724981.71923
2076,3119860.15766,291708.14643
2077,-288691.39852,2656679.42940
2078,11465418.65793,7130186.41170
2079,9911047.87904,6016992.01996
2080,5058319.83408,4804738.87660
2081,10461083.55724,-252901.50150
2082,2920124.29832,-2808334.89520
2083,3714962.21961,7695619.49407
2084,9555782.51186,2077602.74048
2085,-7340612.48994,-7995923.20891
2086,8043608.02157,-8044870.12904
2087,-10701542.51637,4001394.56280
2088,12412815.43308,-1925991.95355
2089,-6633705.88349,-7747462.83650
2090,2062795.97805,3155153.49561
2091,-4802282.33143,-8369046.49772
2092,6539439.11996,4756821.44345
2093,10581672.20610,7082770.77416
2094,5382036.65942,-8611603.29469
2095,6993016.80424,1692103.09732
2096,4296057.62454,230477.13858
2097,9330586.20573,1436792.62836
2098,4132442.93813,-2326965.69809
2099,-5733885.91695,-5480194.47611
2100,8403352.84542,5673238.25334
2101,9943735.54636,4022613.47916
2102,10164966.92107,2549931.26970
2103,8359688.02791,-8281499.05285
2104,-6592953.97466,-1181704.81264
2105,6130363.15015,6853990.13652
2106,-2040703.47539,7880721.77107
2107,8401563.84157,7500830.30983
2108,5358259.49980,7068287.47375
2109,2643896.64900,8138783.38948
2110,6076015.33065,5867965.29107
2111,12011605.97451,6990713.14405
2112,-6039049.87779,-8597908.19775
2113,-12168351.09116,6249057.97404
2114,-5321492.23359,-23942.79002
2115,2292492.41770,-8548808.32854
2116,12137998.23668,-2885887.56880
2117,-4533410.56640,-8562836.78607
2118,-5531876.66563,5507012.11112
2119,-8291302.71538,4678006.85157
2120,5059877.37363,2488741.05704
2121,-8195036.66209,4856678.65239
2122,-3142818.92248,-8571661.43567
2123,-9077494.19482,3816654.72378
2124,-10266843.38199,5454058.95204
2125,-8549790.42641,5975784.85960
2126,6289849.45123,6945557.32347
2127,1448558.94432,-7919228.93441
2128,-5516950.43327,-840538.74285
2129,-2127191.75908,7097727.40104
2130,-7214689.50789,-8499215.63916
2131,4799586.97371,-7806278.34629
2132,5874175.63661,4337855.63090
2133,10564297.55013,-7213125.11809
2134,6030484.32783,-7517663.46439
2135,10131055.83912,3496814.86127
2136,6193732.59541,7492936.51141
2137,-2078165.07155,7172459.18696
2138,-4747933.96759,5996887.31810
2139,564071.21427,-8546049.44719
2140,6382391.95131,-8610647.92992
2141,-6724642.97971,-1213829.77588
2142,8324561.29926,-7484238.83111
2143,10184998.30654,7091078.63367
2144,4483706.02131,3778682.96555
2145,3029279.89904,-8587050.29296
2146,5738537.57984,3724724.17775
2147,4582753.42075,2798935.17656
2148,-7416302.59615,-7906589.25978
2149,-6815570.76246,4789057.22097
2150,3647985.45097,651258.57520
2151,2725940.87449,629811.96987
2152,9933220.94396,-7047614.16217
2153,3437120.92535,3038896.04308
2154,1310756.33164,50321.25784
2155,-5234427.69942,-466750.53010
2156,2208893.25174,2308951.12529
2157,180981.01321,-7824755.34788
2158,7308669.74046,6542365.38593
2159,8791000.68371,6060851.35650
2160,4798241.35957,6865791.27451
2161,4395862.39910,5498549.33816
2162,2022639.11969,-8418572.69160
2163,-1255461.97562,-8456208.47967
2164,-4373078.05544,-313009.10080
2165,-9098574.68757,3417853.70819
2166,-8660375.15436,6266466.26023
2167,-1495473.63694,7529041.14831
2168,10562052.14206,6876025.69580
2169,-3418388.81851,6954824.19658
2170,6132965.78743,-7783405.71666
2171,4923660.76305,6542918.41925
2172,1398100.07242,2801300.38370
2173,2972435.47104,5697887.41871
2174,-10065546.83450,3926443.89592
2175,-5668241.81372,-4379574.49426
2176,3181168.86107,-7411049.87924
2177,-5746786.33000,-5469756.80646
2178,8712575.61115,6818220.11314
2179,7425237.07223,-7329479.57988
2180,3341460.31538,-7395432.45613
2181,12759592.85645,-1878887.03887
2182,-226495.94813,-7693402.62832
2183,4604790.32304,4247500.53934
2184,9379501.37173,3415654.86910
2185,-8373370.64993,6242206.00979
2186,6942072.52558,1956977.41677
2187,3922830.18317,350.76560
2188,2216803.54481,1449310.14269
2189,-4773017.71528,5758989.39883
2190,-3392493.05479,-8608028.39041
2191,8224213.34657,-8496533.67246
2192,9495755.40143,7274283.52422
2193,4388167.66468,4941685.99359
2194,9602831.46859,-7741269.12841
2195,7938505.78304,-8156464.75048
2196,5762985.79710,5237358.52115
2197,8762675.25361,6240998.11602
2198,2529961.91225,-7410637.27233
2199,265612.53257,2575509.93851
2200,-1387306.31960,1642125.03694
2201,1033628.37809,8008144.18768
2202,9100091.44603,-7027911.58628
2203,10754452.86496,-2823938.87427
2204,13664348.36170,-2703156.59288
2205,-7628105.93975,5324507.04637
2206,9981563.62532,6067514.64808
2207,-6672863.02988,5687695.82083
2208,-4999348.20269,-3317524.32764
2209,948709.91858,822647.31387
2210,-5904654.33879,-8053513.71945
2211,3057776.53785,6130833.34469
2212,10035697.05645,3764438.24541
2213,-502390.00896,-8064602.56505
2214,10239860.42887,3660496.89092
2215,-1935986.64618,7677931.08904
2216,-10437429.86851,7033976.04608
2217,203141.54308,1576022.30203
2218,2258404.89372,-2234678.89251
2219,-3140325.11464,-8607452.63606
2220,-665495.86511,4353807.25160
2221,14586744.72670,-612352.47084
2222,9353503.53383,3291522.21037
2223,6483975.36643,-7630847.27053
2224,-4274860.13314,-627036.83983
2225,5391514.11736,3958489.07354
2226,1141900.04026,5372233.10272
2227,3905368.21014,44659.04203
2228,7979264.54655,4567908.26494
2229,-6577110.52877,534279.74806
2230,-4118271.84174,-8482572.00350
2231,5055412.96722,6886348.44128
2232,6197257.85133,4833144.49832
2233,-9375862.57343,3110905.10918
2234,8251223.62578,-8407002.88643
2235,678964.66216,-8251695.69969
2236,65003.20308,-7778492.91162
2237,12518870.15150,-1277805.97232
2238,6619646.05517,2452192.33340
2239,9565690.30656,-14442.62114
2240,11434924.86297,7187144.40338
2241,692447.16910,6511087.86150
2242,11119644.75713,5084406.92725
2243,-2989591.20034,7179128.05329
2244,-2604436.08656,-8558210.78376
2245,8761124.62324,2599125.99523
2246,-5206325.36654,-1857155.32906
2247,2201643.37374,-48890.03712
2248,-2215306.26846,-8484773.29697
2249,-3563687.02141,-585575.79209
2250,1456672.91536,1988658.71417
2251,-2618928.88110,7537514.93615
2252,1603778.21941,-1194716.68559
2253,10469241.56377,5099975.19329
2254,-9782888.60366,7002890.58841
2255,2902462.97290,-8261481.16962
2256,4695552.25445,4207816.41245
2257,-7283789.69745,7050047.15739
2258,-12491027.00828,6843397.53152
2259,9646064.19521,4372573.56796
2260,9376793.97217,6428329.11714
2261,-2821557.24813,-8562305.84292
2262,-11561062.67775,6594203.82341
2263,778894.01692,5208682.87657
2264,-4479951.36391,-2559699.64512
2265,-385980.35419,-7480755.77181
2266,9498024.89143,6199101.76508
2267,-9604870.36491,5118291.43084
2268,8966724.66322,-8106640.03062
2269,3620163.70560,1359337.50384
2270,2211325.84748,7195782.13941
2271,13457167.52908,-690910.78084
2272,10213920.94040,5093093.48682
2273,4235930.43646,2173002.36803
2274,10547155.52046,2509812.48758
2275,6087550.19381,4590600.91188
2276,7250892.03629,7382059.66023
2277,6861304.85205,-7390693.90854
2278,6984353.17684,5656186.41917
2279,-8855353.77623,6110665.91344
2280,7445924.20349,6071808.58431
2281,-1138969.33297,2216707.23988
2282,7164126.98944,-7274332.23654
2283,739714.03254,-8355512.33799
2284,-1398750.11038,2358267.98561
2285,6024800.04386,-8271062.40852
2286,7822850.16494,6869744.33430
2287,8720630.91467,-8425976.81473
2288,10765184.35301,6501820.07286
2289,-3384492.64217,8143435.82116
2290,-152411.93186,3278459.55238
2291,12309249.52248,6706163.54682
2292,6735204.96016,-8599863.63198
2293,6685769.87394,-7952891.62639
2294,3390500.81088,-8371370.60763
2295,-9479063.98956,5687751.16887
2296,1460069.17874,821110.62789
2297,-4072903.13056,-888530.16521
2298,-711036.98559,-8521338.73543
2299,-8063266.62476,6230651.78808
2300,7440794.41747,1813523.85958
2301,999995.75516,1224797.71139
2302,8009103.38722,2566937.45841
2303,-6564521.74123,4672682.95531
2304,-427874.09307,1400892.58397
2305,-2743301.43494,7204154.53790
2306,-7823059.38033,7265129.80330
2307,9835317.94588,7443715.47790
2308,1687740.29687,1749361.40774
2309,7735944.58942,-8089999.60297
2310,2293755.13145,-2889698.35977
2311,-8839694.63876,-8489128.23209
2312,5715519.82682,2779661.72043
2313,7075882.36014,5258598.42931
2314,4144871.95471,6443004.90109
2315,9456061.97477,1709578.27793
2316,-9661093.82148,2313148.18232
2317,8061214.52580,4849761.75834
2318,9491450.85265,-7064912.88476
2319,11105614.70682,7182510.46818
2320,2127981.94814,5905779.70895
2321,5272961.21937,4583748.43914
2322,427517.62357,2487445.83373
2323,1388325.73827,7944756.50054
2324,-2094232.83095,-8456356.72298
2325,-720156.18255,-7944961.16959
2326,7350763.65202,5470695.55512
2327,9366236.20552,6072923.02008
2328,8412564.70334,2957255.17029
2329,-1184907.87009,8143462.60988
2330,8843909.75632,-8468827.68584
2331,2968018.65880,2544458.69341
2332,-590198.27484,1216013.53596
2333,4962933.01184,-8309853.25316
2334,-3610306.41209,6867077.67678
2335,3478531.49250,-7619704.14463
2336,5606744.46815,5635613.29049
2337,12701719.89673,6684883.95093
2338,2303667.65377,2998612.32062
2339,-8969028.94345,4643141.07337
2340,3452225.37296,-1432449.65421
2341,911752.53721,-8570714.86791
2342,1914146.17214,-8291652.01698
2343,2237581.29811,2231898.74203
2344,-3196570.84938,7499811.07029
2345,-4524663.54608,-6881577.28376
2346,4547380.89957,-1521970.34133
2347,10022335.51014,-284277.93183
2348,10216734.90451,-745968.27952
2349,-2490462.28465,7875391.51160
2350,493417.19436,-8111212.86997
2351,11624722.54182,-2750044.55532
2352,2612159.81123,-2510562.00038
2353,-9812092.57352,4625128.46347
2354,8660844.49418,-8197645.02459
2355,6264109.49816,4354883.36862
2356,2404275.61660,-3462833.31428
2357,-422742.73950,1296941.17165
2358,3087358.62109,-2284251.45013
2359,114478.93473,-7905115.34967
2360,-2664735.08456,7417998.45355
2361,-5845256.87959,-2696667.62871
2362,13432709.22877,-780682.06466
2363,-760567.55818,-8399043.23877
2364,-3068781.45962,-8134931.98303
2365,13299910.43913,-571017.73794
2366,9017434.04521,-7608425.94018
2367,-1825215.32744,7860400.53183
2368,-3976448.32600,-8551104.75814
2369,4522080.44584,3509045.48851
2370,2638970.01918,-3008000.08198
2371,835936.55703,-7775940.99433
2372,-6798308.23401,3958440.66642
2373,3428421.35001,-8484635.30770
2374,6155191.97821,-8611285.46596
2375,7787259.64255,3790117.75430
2376,2182310.79151,1058707.51300
2377,-7167024.22996,5501002.99375
2378,7712832.08110,-7271985.37284
2379,-3374633.60885,8072673.25498
2380,-4415395.29195,-8168828.22449
2381,8617023.68520,-8494221.66597
2382,2080944.45319,5300382.38900
2383,-6960653.29701,-475816.72142
2384,12965958.67394,-2247285.77107
2385,-1770241.55947,-8161085.91724
2386,-4587884.15770,-8410802.73022
2387,12619337.74064,6855442.97922
2388,3788057.52907,10990.52703
2389,2995758.00660,5061502.83267
2390,6184552.36154,4251441.69262
2391,123168.78597,2257743.85156
2392,1543053.23750,-197969.99195
2393,11800749.24780,6923070.50026
2394,3304995.25052,2018526.97586
2395,-3809986.48013,-2285982.41807
2396,2201629.23398,-1018771.57117
2397,-8014471.30202,3267492.89284
2398,-6404613.69281,-999282.44177
2399,6501098.03512,-7848600.84893
2400,-9054205.58576,4885022.66988
2401,4847087.07155,-7678776.46774
2402,3474251.00630,970687.38644
2403,-7531530.87913,3735131.65092
2404,1847464.36848,790302.19386
2405,-8073475.12158,-8459110.29879
2406,8673734.67441,3416805.16603
2407,1840249.51511,960794.19759
2408,10713314.31553,5654360.98650
2409,4106292.42051,3347829.10852
2410,-9635461.76555,4915471.35182
2411,9877037.45038,6891172.34870
2412,3737219.06734,7722497.73684
2413,-3202571.85524,-8320932.81732
2414,6654133.34974,6607322.82117
2415,-6685072.05532,1987321.21466
2416,6895570.12454,2963871.23159
2417,7558517.08950,2908967.92584
2418,-5944835.83313,7581118.83888
2419,6122734.51658,2899709.16003
2420,7952513.11681,-7942978.88498
2421,10542935.34014,-3365111.92935
2422,-11181824.29825,6638061.82432
2423,10422289.02802,-3697474.53881
2424,4522413.76238,-8309258.94750
2425,6121791.09375,-8376242.73537
2426,-3354146.50386,7784231.10663
2427,598351.86126,-8293072.50624
2428,1612709.27842,1871996.66618
2429,4338809.95830,3644250.88308
2430,-6564354.19847,-8131672.72891
2431,-10204935.88245,5380550.16949
2432,7978592.67480,-7836604.05258
2433,5428566.37133,6179926.27764
2434,11606050.99775,-2705900.66066
2435,7811748.00195,7342573.66916
2436,7657927.28570,6056105.25160
2437,8436183.02416,-8431928.99317
2438,2039190.52254,-1822108.42186
2439,9126553.58015,2992260.96830
2440,10109161.66242,4673558.97340
2441,8910551.65843,5872011.62566
2442,2510110.03523,-2091799.72166
2443,-8423135.36330,5949271.79608
2444,-5574440.69271,610989.37508
2445,4546288.61740,2770060.18857
2446,4787409.32511,5031799.10617
2447,-7917911.30081,5606979.76502
2448,9097355.33417,-8474411.01067
2449,9821696.89232,1672481.29330
2450,-5581691.46116,-4755939.64122
2451,11937464.32147,-2936560.62899
2452,2275225.08967,2134651.92530
2453,-6459167.79039,-8406851.62503
2454,-7616467.41427,-7714768.16884
2455,7079054.04837,5982011.28130
2456,8271558.47877,2906306.04047
2457,7431153.42778,6609139.86459
2458,-3407225.19912,-623381.77137
2459,-8637465.01580,6167094.70635
2460,7518020.12645,1861621.90086
2461,3205778.44270,807532.70464
2462,-6591685.01367,-870000.03097
2463,-6202587.29928,5702797.73684
2464,12934995.73279,-413715.18557
2465,10553539.96836,-746198.89055
2466,-4564960.40135,-1837570.83048
2467,-1257194.64799,6710823.28955
2468,4079825.90406,685200.05676
2469,4378325.57682,6183686.22333
2470,-6357729.57769,-4402299.74418
2471,2728871.68923,2930475.56595
2472,-5790489.17939,728214.68893
2473,7316262.13523,-7822940.76509
2474,7930414.21563,5772749.08549
2475,13186194.81157,-2100938.27913
2476,7512114.50674,-7890627.40947
2477,1508368.16436,-1747889.88119
2478,-841827.97882,8179470.15079
2479,-6154499.21949,-449556.12106
2480,915596.27717,-8528790.68181
2481,5464151.51937,6595051.85240
2482,6894375.70556,7637445.55956
2483,8963523.47323,6315755.92228
2484,4535358.05472,-7765023.19515
2485,6446724.69781,4615205.03837
2486,-8132235.63210,-8607217.65350
2487,-4196642.18280,-2411534.72067
2488,9404430.19175,1934399.20538
2489,8209036.04717,5659164.88243
2490,4247581.09664,612062.06734
2491,-8127835.13868,7060369.50427
2492,4918966.55818,7248312.37253
2493,9179171.03162,6080082.42518
2494,1856515.35803,2365246.36534
2495,3074756.45547,6666605.10208
2496,-3828154.88091,7841624.14100
2497,-10827698.13504,6911815.86514
2498,9864466.31531,1678306.31628
2499,6909751.03347,-8549455.08712
